Order_ID,Order_Date,Region,Category,Product,Quantity,Unit_Price,Discount_%,Customer_Rating,Gross_Sales,Discount_Amount,Net_Sales
1001,2024-04-12 00:00:00,East,Electronics,Oil,4,16546,10,3,66184,6618.4,59565.6
1002,2024-12-14 00:00:00,East,Groceries,Oil,1,2800,15,2,2800,420,2380
1003,2024-09-27 00:00:00,North,Clothing,Oil,9,46205,15,1,415845,62376.75,353468.25
1004,2024-04-16 00:00:00,South,Electronics,Table,8,29467,5,4,235736,11786.8,223949.2
1005,2024-03-12 00:00:00,South,Clothing,T-Shirt,8,36522,0,5,292176,0,292176
1006,2024-07-07 00:00:00,West,Electronics,Rice,6,27190,10,5,163140,16314,146826
1007,2024-01-21 00:00:00,South,Furniture,Jeans,7,16393,15,3,114751,17212.65,97538.35
1008,2024-04-12 00:00:00,North,Clothing,Table,6,30309,5,1,181854,9092.7,172761.3
1009,2024-05-01 00:00:00,East,Clothing,Mobile,9,19433,20,4,174897,34979.4,139917.6
1010,2024-08-02 00:00:00,South,Groceries,T-Shirt,3,48221,15,1,144663,21699.45,122963.55
1011,2024-11-26 00:00:00,West,Clothing,Table,3,16394,5,5,49182,2459.1,46722.9
1012,2024-03-28 00:00:00,South,Clothing,Rice,3,34710,0,1,104130,0,104130
1013,2024-04-09 00:00:00,North,Furniture,Jeans,3,1506,0,4,4518,0,4518
1014,2024-12-25 00:00:00,West,Clothing,Oil,9,4049,15,3,36441,5466.15,30974.85
1015,2024-05-31 00:00:00,South,Furniture,T-Shirt,4,12560,15,2,50240,7536,42704
1016,2024-05-10 00:00:00,West,Furniture,Chair,7,45736,10,1,320152,32015.2,288136.8
1017,2024-05-29 00:00:00,North,Furniture,Jeans,9,29431,5,2,264879,13243.95,251635.05
1018,2024-11-04 00:00:00,East,Furniture,Mobile,7,46000,15,5,322000,48300,273700
1019,2024-09-14 00:00:00,North,Electronics,Table,9,37163,10,3,334467,33446.7,301020.3
1020,2024-12-09 00:00:00,North,Groceries,Rice,3,18889,10,3,56667,5666.7,51000.3
1021,2024-10-20 00:00:00,North,Electronics,Chair,4,29284,15,1,117136,17570.4,99565.6
1022,2024-07-10 00:00:00,North,Clothing,Rice,8,40587,0,3,324696,0,324696
1023,2024-10-03 00:00:00,East,Electronics,Chair,6,9480,5,1,56880,2844,54036
1024,2024-06-09 00:00:00,East,Electronics,T-Shirt,5,2842,5,1,14210,710.5,13499.5
1025,2024-11-09 00:00:00,West,Clothing,Chair,4,42337,0,2,169348,0,169348
1026,2024-01-22 00:00:00,South,Clothing,Mobile,8,14496,15,3,115968,17395.2,98572.8
1027,2024-09-09 00:00:00,East,Clothing,Mobile,1,15638,5,1,15638,781.9,14856.1
1028,2024-08-23 00:00:00,East,Electronics,Laptop,9,48642,15,2,437778,65666.7,372111.3
1029,2024-12-10 00:00:00,South,Electronics,Mobile,1,37725,15,4,37725,5658.75,32066.25
1030,2024-02-18 00:00:00,East,Clothing,Jeans,8,3194,10,2,25552,2555.2,22996.8
1031,2024-02-28 00:00:00,North,Groceries,Chair,4,48194,0,2,192776,0,192776
1032,2024-06-18 00:00:00,North,Groceries,Mobile,9,34239,15,1,308151,46222.65,261928.35
1033,2024-07-06 00:00:00,South,Furniture,T-Shirt,5,2013,20,5,10065,2013,8052
1034,2024-09-27 00:00:00,West,Clothing,Rice,3,27691,0,5,83073,0,83073
1035,2024-07-08 00:00:00,West,Furniture,Oil,9,19045,5,5,171405,8570.25,162834.75
1036,2024-06-23 00:00:00,South,Groceries,Rice,9,41443,10,2,372987,37298.7,335688.3
1037,2024-02-20 00:00:00,South,Furniture,Laptop,4,37364,5,1,149456,7472.8,141983.2
1038,2024-12-29 00:00:00,North,Clothing,Rice,4,42251,5,3,169004,8450.2,160553.8
1039,2024-02-24 00:00:00,West,Clothing,Chair,8,13518,0,2,108144,0,108144
1040,2024-08-31 00:00:00,East,Clothing,Laptop,2,17400,5,2,34800,1740,33060
1041,2024-11-15 00:00:00,North,Electronics,Chair,9,282,15,1,2538,380.7,2157.3
1042,2024-05-10 00:00:00,South,Furniture,T-Shirt,6,2120,5,4,12720,636,12084
1043,2024-11-02 00:00:00,West,Groceries,Laptop,9,40785,10,2,367065,36706.5,330358.5
1044,2024-05-14 00:00:00,East,Groceries,Table,8,11883,10,4,95064,9506.4,85557.6
1045,2024-01-21 00:00:00,East,Groceries,Jeans,7,11536,20,4,80752,16150.4,64601.6
1046,2024-11-24 00:00:00,North,Electronics,Jeans,1,15796,10,5,15796,1579.6,14216.4
1047,2024-06-15 00:00:00,West,Electronics,Chair,3,2293,5,1,6879,343.95,6535.05
1048,2024-09-30 00:00:00,West,Clothing,Rice,2,13105,10,4,26210,2621,23589
1049,2024-03-29 00:00:00,South,Groceries,Oil,5,24551,0,1,122755,0,122755
1050,2024-11-11 00:00:00,West,Electronics,Oil,5,31181,10,5,155905,15590.5,140314.5
1051,2024-01-14 00:00:00,West,Clothing,Table,5,8567,15,1,42835,6425.25,36409.75
1052,2024-08-29 00:00:00,North,Groceries,Laptop,4,5485,0,2,21940,0,21940
1053,2024-09-21 00:00:00,West,Furniture,Table,5,43864,20,4,219320,43864,175456
1054,2024-12-11 00:00:00,East,Clothing,Table,3,37905,15,1,113715,17057.25,96657.75
1055,2024-02-22 00:00:00,North,Electronics,Rice,1,16953,5,3,16953,847.65,16105.35
1056,2024-12-05 00:00:00,North,Electronics,Oil,5,18685,5,1,93425,4671.25,88753.75
1057,2024-04-01 00:00:00,South,Clothing,Laptop,9,13177,5,4,118593,5929.65,112663.35
1058,2024-09-20 00:00:00,West,Clothing,T-Shirt,9,20074,15,5,180666,27099.9,153566.1
1059,2024-02-04 00:00:00,South,Electronics,Rice,4,7874,15,5,31496,4724.4,26771.6
1060,2024-07-24 00:00:00,East,Furniture,Table,3,29238,15,4,87714,13157.1,74556.9
1061,2024-03-21 00:00:00,North,Groceries,Table,1,29515,0,2,29515,0,29515
1062,2024-02-19 00:00:00,North,Furniture,T-Shirt,2,3876,0,2,7752,0,7752
1063,2024-12-25 00:00:00,North,Clothing,Table,8,2626,5,5,21008,1050.4,19957.6
1064,2024-01-02 00:00:00,East,Furniture,Table,1,24673,10,5,24673,2467.3,22205.7
1065,2024-02-23 00:00:00,East,Electronics,Table,8,3162,5,4,25296,1264.8,24031.2
1066,2024-04-15 00:00:00,South,Clothing,Jeans,7,30143,20,2,211001,42200.2,168800.8
1067,2024-09-16 00:00:00,South,Groceries,Rice,8,1059,0,5,8472,0,8472
1068,2024-11-05 00:00:00,South,Electronics,Mobile,6,45016,15,2,270096,40514.4,229581.6
1069,2024-07-09 00:00:00,West,Electronics,Rice,9,4338,0,5,39042,0,39042
1070,2024-08-05 00:00:00,North,Groceries,T-Shirt,3,35392,15,1,106176,15926.4,90249.6
1071,2024-02-13 00:00:00,North,Groceries,Table,4,25840,20,3,103360,20672,82688
1072,2024-06-10 00:00:00,South,Furniture,Rice,6,10609,20,1,63654,12730.8,50923.2
1073,2024-07-20 00:00:00,North,Clothing,Jeans,8,4217,0,5,33736,0,33736
1074,2024-09-26 00:00:00,South,Groceries,Oil,5,10651,15,3,53255,7988.25,45266.75
1075,2024-12-16 00:00:00,West,Groceries,T-Shirt,3,28527,20,3,85581,17116.2,68464.8
1076,2024-10-30 00:00:00,West,Clothing,Chair,6,10478,5,5,62868,3143.4,59724.6
1077,2024-09-27 00:00:00,East,Groceries,Rice,4,25144,5,5,100576,5028.8,95547.2
1078,2024-08-02 00:00:00,West,Groceries,Chair,9,43964,15,2,395676,59351.4,336324.6
1079,2024-09-08 00:00:00,South,Furniture,Table,3,1334,0,5,4002,0,4002
1080,2024-07-08 00:00:00,West,Electronics,Jeans,4,30331,20,4,121324,24264.8,97059.2
1081,2024-10-22 00:00:00,East,Electronics,Jeans,7,38087,0,5,266609,0,266609
1082,2024-07-31 00:00:00,North,Electronics,Rice,7,38662,5,4,270634,13531.7,257102.3
1083,2024-07-26 00:00:00,South,Electronics,T-Shirt,4,22720,20,5,90880,18176,72704
1084,2024-08-24 00:00:00,North,Groceries,T-Shirt,6,22069,0,2,132414,0,132414
1085,2024-12-03 00:00:00,East,Clothing,Jeans,3,37132,10,4,111396,11139.6,100256.4
1086,2024-02-22 00:00:00,East,Clothing,T-Shirt,6,5239,15,1,31434,4715.1,26718.9
1087,2024-10-06 00:00:00,East,Furniture,Jeans,2,21481,15,4,42962,6444.3,36517.7
1088,2024-08-04 00:00:00,North,Furniture,Rice,8,47599,10,2,380792,38079.2,342712.8
1089,2024-09-08 00:00:00,North,Groceries,Mobile,2,10642,5,4,21284,1064.2,20219.8
1090,2024-07-06 00:00:00,North,Clothing,Jeans,7,8452,20,5,59164,11832.8,47331.2
1091,2024-02-10 00:00:00,North,Clothing,Chair,9,27786,15,5,250074,37511.1,212562.9
1092,2024-06-05 00:00:00,East,Electronics,T-Shirt,1,17768,10,2,17768,1776.8,15991.2
1093,2024-01-15 00:00:00,East,Groceries,Jeans,8,21010,10,3,168080,16808,151272
1094,2024-10-27 00:00:00,South,Groceries,Jeans,7,1751,5,5,12257,612.85,11644.15
1095,2024-03-05 00:00:00,South,Electronics,Rice,6,12825,5,1,76950,3847.5,73102.5
1096,2024-12-10 00:00:00,North,Groceries,T-Shirt,6,34597,0,2,207582,0,207582
1097,2024-11-22 00:00:00,West,Groceries,Mobile,6,26449,15,4,158694,23804.1,134889.9
1098,2024-01-09 00:00:00,West,Furniture,Rice,9,1561,0,4,14049,0,14049
1099,2024-12-09 00:00:00,East,Clothing,Mobile,2,26349,10,1,52698,5269.8,47428.2
1100,2024-05-08 00:00:00,East,Groceries,Oil,1,4570,20,5,4570,914,3656
1101,2024-05-15 00:00:00,East,Furniture,Rice,6,5483,20,2,32898,6579.6,26318.4
1102,2024-03-03 00:00:00,South,Clothing,T-Shirt,8,7810,5,1,62480,3124,59356
1103,2024-05-18 00:00:00,South,Electronics,Laptop,3,43526,20,5,130578,26115.6,104462.4
1104,2024-03-21 00:00:00,East,Furniture,T-Shirt,1,15124,20,2,15124,3024.8,12099.2
1105,2024-06-11 00:00:00,East,Furniture,T-Shirt,9,47807,20,4,430263,86052.6,344210.4
1106,2024-10-15 00:00:00,East,Clothing,Mobile,1,44917,10,2,44917,4491.7,40425.3
1107,2024-09-17 00:00:00,West,Electronics,Mobile,3,10826,20,3,32478,6495.6,25982.4
1108,2024-08-18 00:00:00,South,Furniture,T-Shirt,8,34961,20,2,279688,55937.6,223750.4
1109,2024-02-10 00:00:00,West,Groceries,T-Shirt,3,1069,20,3,3207,641.4,2565.6
1110,2024-01-28 00:00:00,West,Groceries,T-Shirt,4,31752,0,2,127008,0,127008
1111,2024-05-14 00:00:00,East,Groceries,Mobile,8,1214,10,3,9712,971.2,8740.8
1112,2024-07-19 00:00:00,East,Electronics,T-Shirt,1,10303,5,4,10303,515.15,9787.85
1113,2024-11-23 00:00:00,North,Furniture,T-Shirt,6,17186,0,5,103116,0,103116
1114,2024-09-24 00:00:00,North,Groceries,Oil,1,44981,15,3,44981,6747.15,38233.85
1115,2024-02-02 00:00:00,West,Electronics,Table,1,30671,10,3,30671,3067.1,27603.9
1116,2024-02-17 00:00:00,South,Groceries,Laptop,8,33658,10,4,269264,26926.4,242337.6
1117,2024-03-02 00:00:00,East,Clothing,Chair,4,25269,15,3,101076,15161.4,85914.6
1118,2024-08-03 00:00:00,East,Furniture,Laptop,1,17073,15,1,17073,2560.95,14512.05
1119,2024-10-19 00:00:00,West,Furniture,Table,7,23448,15,4,164136,24620.4,139515.6
1120,2024-04-08 00:00:00,North,Electronics,Chair,5,23824,5,1,119120,5956,113164
1121,2024-06-20 00:00:00,South,Electronics,Rice,5,43716,20,4,218580,43716,174864
1122,2024-12-25 00:00:00,North,Furniture,T-Shirt,1,29261,10,3,29261,2926.1,26334.9
1123,2024-08-01 00:00:00,North,Groceries,Table,6,24370,20,1,146220,29244,116976
1124,2024-02-04 00:00:00,North,Groceries,Oil,9,8224,20,3,74016,14803.2,59212.8
1125,2024-08-14 00:00:00,North,Clothing,Rice,9,16878,15,4,151902,22785.3,129116.7
1126,2024-04-10 00:00:00,East,Groceries,T-Shirt,8,38456,5,3,307648,15382.4,292265.6
1127,2024-05-10 00:00:00,East,Electronics,Mobile,5,20611,0,1,103055,0,103055
1128,2024-09-13 00:00:00,North,Electronics,Jeans,1,44003,5,1,44003,2200.15,41802.85
1129,2024-01-05 00:00:00,South,Groceries,Table,9,19496,20,3,175464,35092.8,140371.2
1130,2024-08-05 00:00:00,West,Electronics,Mobile,1,26493,5,2,26493,1324.65,25168.35
1131,2024-09-11 00:00:00,South,Furniture,Table,8,27372,15,4,218976,32846.4,186129.6
1132,2024-12-24 00:00:00,South,Furniture,Oil,5,21328,0,4,106640,0,106640
1133,2024-10-09 00:00:00,South,Groceries,Table,3,18457,15,3,55371,8305.65,47065.35
1134,2024-07-25 00:00:00,North,Furniture,Mobile,7,13055,0,2,91385,0,91385
1135,2024-01-15 00:00:00,East,Furniture,Oil,7,19842,20,1,138894,27778.8,111115.2
1136,2024-12-11 00:00:00,South,Clothing,Chair,9,35785,0,5,322065,0,322065
1137,2024-02-11 00:00:00,North,Clothing,Laptop,7,20225,0,5,141575,0,141575
1138,2024-06-27 00:00:00,South,Furniture,T-Shirt,3,4658,0,3,13974,0,13974
1139,2024-03-03 00:00:00,South,Groceries,Table,1,5507,5,2,5507,275.35,5231.65
1140,2024-12-17 00:00:00,North,Clothing,T-Shirt,8,41901,5,2,335208,16760.4,318447.6
1141,2024-08-18 00:00:00,East,Electronics,Jeans,3,18625,20,4,55875,11175,44700
1142,2024-08-28 00:00:00,East,Electronics,Mobile,8,43627,0,1,349016,0,349016
1143,2024-02-21 00:00:00,West,Electronics,T-Shirt,8,28473,10,2,227784,22778.4,205005.6
1144,2024-04-05 00:00:00,North,Groceries,Mobile,5,38706,20,5,193530,38706,154824
1145,2024-08-09 00:00:00,West,Furniture,T-Shirt,1,5868,0,1,5868,0,5868
1146,2024-08-18 00:00:00,West,Electronics,Laptop,7,26134,0,1,182938,0,182938
1147,2024-08-24 00:00:00,West,Groceries,Laptop,5,47395,5,3,236975,11848.75,225126.25
1148,2024-05-22 00:00:00,East,Clothing,Oil,8,7897,20,2,63176,12635.2,50540.8
1149,2024-06-19 00:00:00,North,Furniture,Laptop,9,24617,0,3,221553,0,221553
1150,2024-01-29 00:00:00,West,Clothing,Oil,7,16646,0,2,116522,0,116522
1151,2024-02-05 00:00:00,North,Groceries,Laptop,7,40797,20,4,285579,57115.8,228463.2
1152,2024-01-13 00:00:00,North,Electronics,Laptop,1,10951,10,3,10951,1095.1,9855.9
1153,2024-06-08 00:00:00,East,Electronics,Laptop,4,46418,20,3,185672,37134.4,148537.6
1154,2024-11-22 00:00:00,West,Groceries,Mobile,2,7552,20,5,15104,3020.8,12083.2
1155,2024-07-05 00:00:00,West,Electronics,Table,2,13716,10,3,27432,2743.2,24688.8
1156,2024-08-30 00:00:00,North,Furniture,Oil,2,23499,20,2,46998,9399.6,37598.4
1157,2024-03-26 00:00:00,South,Groceries,T-Shirt,4,32157,0,5,128628,0,128628
1158,2024-10-10 00:00:00,East,Clothing,Laptop,1,29127,20,3,29127,5825.4,23301.6
1159,2024-03-06 00:00:00,East,Groceries,Mobile,4,41294,10,3,165176,16517.6,148658.4
1160,2024-06-18 00:00:00,East,Furniture,Mobile,2,36612,15,4,73224,10983.6,62240.4
1161,2024-02-14 00:00:00,East,Furniture,Mobile,5,29693,20,3,148465,29693,118772
1162,2024-03-02 00:00:00,West,Groceries,Oil,3,26911,5,1,80733,4036.65,76696.35
1163,2024-05-13 00:00:00,West,Groceries,Table,8,8203,0,5,65624,0,65624
1164,2024-10-10 00:00:00,South,Electronics,Oil,4,31907,0,1,127628,0,127628
1165,2024-01-28 00:00:00,East,Furniture,T-Shirt,1,3478,5,5,3478,173.9,3304.1
1166,2024-04-17 00:00:00,East,Groceries,Table,1,7496,5,4,7496,374.8,7121.2
1167,2024-02-13 00:00:00,North,Groceries,Chair,3,25598,20,3,76794,15358.8,61435.2
1168,2024-12-05 00:00:00,West,Furniture,Rice,9,36042,5,3,324378,16218.9,308159.1
1169,2024-10-12 00:00:00,East,Groceries,Mobile,7,13461,15,3,94227,14134.05,80092.95
1170,2024-11-26 00:00:00,South,Electronics,Oil,2,11373,10,5,22746,2274.6,20471.4
1171,2024-05-07 00:00:00,South,Furniture,Chair,9,30649,5,3,275841,13792.05,262048.95
1172,2024-12-13 00:00:00,West,Electronics,Jeans,2,41280,5,1,82560,4128,78432
1173,2024-08-18 00:00:00,South,Electronics,Oil,3,1837,15,3,5511,826.65,4684.35
1174,2024-07-08 00:00:00,South,Electronics,Laptop,2,31981,0,4,63962,0,63962
1175,2024-08-12 00:00:00,West,Electronics,Rice,3,13852,0,1,41556,0,41556
1176,2024-10-09 00:00:00,East,Furniture,Laptop,6,5303,20,3,31818,6363.6,25454.4
1177,2024-04-30 00:00:00,East,Electronics,Table,9,25700,15,3,231300,34695,196605
1178,2024-04-25 00:00:00,South,Electronics,Rice,9,49996,10,2,449964,44996.4,404967.6
1179,2024-08-20 00:00:00,South,Groceries,Oil,7,35000,10,5,245000,24500,220500
1180,2024-09-15 00:00:00,East,Furniture,T-Shirt,3,35729,15,1,107187,16078.05,91108.95
1181,2024-12-24 00:00:00,West,Furniture,Chair,4,48163,10,2,192652,19265.2,173386.8
1182,2024-07-16 00:00:00,South,Clothing,T-Shirt,6,18652,0,4,111912,0,111912
1183,2024-05-16 00:00:00,North,Furniture,Oil,5,49593,10,5,247965,24796.5,223168.5
1184,2024-11-13 00:00:00,West,Furniture,Table,2,31374,10,1,62748,6274.8,56473.2
1185,2024-06-13 00:00:00,South,Clothing,Laptop,6,35636,15,3,213816,32072.4,181743.6
1186,2024-08-12 00:00:00,South,Furniture,Rice,3,47606,15,1,142818,21422.7,121395.3
1187,2024-11-02 00:00:00,North,Furniture,T-Shirt,8,16154,10,3,129232,12923.2,116308.8
1188,2024-08-21 00:00:00,North,Furniture,Oil,2,17386,5,5,34772,1738.6,33033.4
1189,2024-06-20 00:00:00,East,Furniture,T-Shirt,1,12556,15,3,12556,1883.4,10672.6
1190,2024-05-31 00:00:00,West,Clothing,Oil,9,33163,20,4,298467,59693.4,238773.6
1191,2024-11-10 00:00:00,West,Furniture,Laptop,3,2387,20,3,7161,1432.2,5728.8
1192,2024-06-08 00:00:00,East,Furniture,Rice,1,11907,0,4,11907,0,11907
1193,2024-04-05 00:00:00,West,Clothing,Chair,7,35298,10,5,247086,24708.6,222377.4
1194,2024-08-20 00:00:00,West,Groceries,Laptop,5,27135,5,5,135675,6783.75,128891.25
1195,2024-06-28 00:00:00,West,Electronics,T-Shirt,5,21425,0,1,107125,0,107125
1196,2024-04-22 00:00:00,West,Groceries,Chair,1,3806,10,4,3806,380.6,3425.4
1197,2024-11-13 00:00:00,West,Clothing,Oil,9,33028,15,4,297252,44587.8,252664.2
1198,2024-02-21 00:00:00,North,Electronics,Chair,7,26689,20,2,186823,37364.6,149458.4
1199,2024-09-24 00:00:00,West,Clothing,Oil,8,14587,5,2,116696,5834.8,110861.2
1200,2024-10-21 00:00:00,North,Clothing,Laptop,9,4127,20,2,37143,7428.6,29714.4
1201,2024-04-22 00:00:00,West,Furniture,T-Shirt,6,6496,15,3,38976,5846.4,33129.6
1202,2024-04-10 00:00:00,East,Electronics,Table,5,30644,10,2,153220,15322,137898
1203,2024-04-22 00:00:00,South,Furniture,T-Shirt,6,46590,15,4,279540,41931,237609
1204,2024-03-21 00:00:00,North,Electronics,Oil,2,47093,15,3,94186,14127.9,80058.1
1205,2024-07-05 00:00:00,West,Clothing,Mobile,4,2791,20,5,11164,2232.8,8931.2
1206,2024-04-22 00:00:00,East,Clothing,Rice,3,45095,5,1,135285,6764.25,128520.75
1207,2024-01-02 00:00:00,South,Groceries,Jeans,7,48716,15,2,341012,51151.8,289860.2
1208,2024-05-09 00:00:00,North,Electronics,Table,9,26347,20,5,237123,47424.6,189698.4
1209,2024-08-07 00:00:00,South,Furniture,Chair,5,39089,5,4,195445,9772.25,185672.75
1210,2024-02-23 00:00:00,East,Groceries,Table,6,1400,10,1,8400,840,7560
1211,2024-12-08 00:00:00,North,Groceries,Rice,2,15921,10,5,31842,3184.2,28657.8
1212,2024-08-11 00:00:00,South,Groceries,Chair,3,19438,0,1,58314,0,58314
1213,2024-08-12 00:00:00,West,Furniture,Rice,3,11287,20,2,33861,6772.2,27088.8
1214,2024-05-05 00:00:00,North,Groceries,Chair,9,31016,5,4,279144,13957.2,265186.8
1215,2024-05-09 00:00:00,South,Furniture,Table,7,23608,15,1,165256,24788.4,140467.6
1216,2024-02-22 00:00:00,East,Groceries,Chair,8,39940,10,5,319520,31952,287568
1217,2024-06-20 00:00:00,East,Furniture,Chair,9,336,5,2,3024,151.2,2872.8
1218,2024-08-05 00:00:00,North,Clothing,Mobile,6,17613,20,2,105678,21135.6,84542.4
1219,2024-06-08 00:00:00,South,Clothing,T-Shirt,4,48314,0,5,193256,0,193256
1220,2024-07-16 00:00:00,North,Clothing,T-Shirt,1,19178,10,5,19178,1917.8,17260.2
1221,2024-09-03 00:00:00,North,Clothing,Jeans,8,861,5,1,6888,344.4,6543.6
1222,2024-11-19 00:00:00,South,Clothing,Jeans,7,35440,5,3,248080,12404,235676
1223,2024-07-21 00:00:00,South,Groceries,Oil,2,27453,5,2,54906,2745.3,52160.7
1224,2024-07-02 00:00:00,West,Groceries,Oil,8,27084,20,1,216672,43334.4,173337.6
1225,2024-05-02 00:00:00,South,Groceries,Oil,5,33054,20,5,165270,33054,132216
1226,2024-09-11 00:00:00,East,Furniture,Mobile,7,10904,20,1,76328,15265.6,61062.4
1227,2024-10-20 00:00:00,North,Furniture,Jeans,4,39187,15,5,156748,23512.2,133235.8
1228,2024-10-06 00:00:00,North,Furniture,Rice,5,24727,5,4,123635,6181.75,117453.25
1229,2024-11-20 00:00:00,East,Furniture,Oil,8,16522,10,5,132176,13217.6,118958.4
1230,2024-04-07 00:00:00,South,Clothing,Oil,1,47717,20,5,47717,9543.4,38173.6
1231,2024-07-16 00:00:00,East,Clothing,Table,1,7168,20,5,7168,1433.6,5734.4
1232,2024-08-27 00:00:00,East,Clothing,Laptop,4,27718,5,3,110872,5543.6,105328.4
1233,2024-05-23 00:00:00,West,Electronics,Rice,3,46564,20,5,139692,27938.4,111753.6
1234,2024-04-06 00:00:00,East,Groceries,Oil,2,28086,15,2,56172,8425.8,47746.2
1235,2024-07-19 00:00:00,North,Furniture,Oil,3,1900,15,2,5700,855,4845
1236,2024-05-03 00:00:00,East,Furniture,Oil,1,28446,20,1,28446,5689.2,22756.8
1237,2024-07-05 00:00:00,North,Clothing,Laptop,1,35668,5,3,35668,1783.4,33884.6
1238,2024-11-21 00:00:00,North,Furniture,Laptop,6,23399,5,1,140394,7019.7,133374.3
1239,2024-12-14 00:00:00,North,Furniture,Mobile,5,44789,5,2,223945,11197.25,212747.75
1240,2024-09-15 00:00:00,South,Groceries,Rice,8,32315,0,2,258520,0,258520
1241,2024-05-27 00:00:00,West,Clothing,Mobile,2,5720,20,4,11440,2288,9152
1242,2024-09-08 00:00:00,North,Groceries,Chair,4,44478,5,5,177912,8895.6,169016.4
1243,2024-12-11 00:00:00,North,Electronics,Laptop,8,36655,15,2,293240,43986,249254
1244,2024-05-26 00:00:00,South,Electronics,Table,6,49948,10,1,299688,29968.8,269719.2
1245,2024-05-27 00:00:00,North,Electronics,Jeans,1,21129,10,1,21129,2112.9,19016.1
1246,2024-12-17 00:00:00,East,Clothing,Table,4,41805,5,5,167220,8361,158859
1247,2024-07-17 00:00:00,East,Furniture,Jeans,1,15155,10,5,15155,1515.5,13639.5
1248,2024-11-03 00:00:00,West,Clothing,Laptop,2,44249,10,4,88498,8849.8,79648.2
1249,2024-05-07 00:00:00,North,Clothing,Laptop,5,14117,0,3,70585,0,70585
1250,2024-02-08 00:00:00,South,Furniture,Laptop,8,4957,15,1,39656,5948.4,33707.6
1251,2024-12-03 00:00:00,East,Groceries,Mobile,8,13245,15,5,105960,15894,90066
1252,2024-12-25 00:00:00,South,Electronics,Rice,3,41880,0,1,125640,0,125640
1253,2024-05-08 00:00:00,South,Groceries,Jeans,4,4933,0,5,19732,0,19732
1254,2024-09-23 00:00:00,East,Electronics,Rice,6,31154,10,2,186924,18692.4,168231.6
1255,2024-05-30 00:00:00,South,Clothing,Mobile,3,31335,20,1,94005,18801,75204
1256,2024-10-24 00:00:00,East,Electronics,Mobile,2,7281,10,2,14562,1456.2,13105.8
1257,2024-04-08 00:00:00,South,Clothing,T-Shirt,6,41658,0,1,249948,0,249948
1258,2024-09-19 00:00:00,East,Groceries,Table,5,23701,15,3,118505,17775.75,100729.25
1259,2024-09-08 00:00:00,North,Clothing,Table,5,21313,10,4,106565,10656.5,95908.5
1260,2024-05-23 00:00:00,West,Groceries,Chair,5,34641,20,2,173205,34641,138564
1261,2024-12-11 00:00:00,East,Furniture,Oil,5,47286,10,5,236430,23643,212787
1262,2024-04-21 00:00:00,East,Furniture,Mobile,3,24890,5,3,74670,3733.5,70936.5
1263,2024-02-29 00:00:00,West,Furniture,Jeans,7,44139,10,1,308973,30897.3,278075.7
1264,2024-01-02 00:00:00,East,Clothing,T-Shirt,6,29545,0,2,177270,0,177270
1265,2024-10-30 00:00:00,East,Furniture,T-Shirt,4,46513,15,1,186052,27907.8,158144.2
1266,2024-09-10 00:00:00,South,Electronics,Oil,2,44771,15,1,89542,13431.3,76110.7
1267,2024-05-19 00:00:00,West,Groceries,Rice,9,27029,0,1,243261,0,243261
1268,2024-02-06 00:00:00,North,Groceries,Oil,1,35262,5,4,35262,1763.1,33498.9
1269,2024-06-08 00:00:00,East,Electronics,Oil,4,3830,0,4,15320,0,15320
1270,2024-01-09 00:00:00,West,Clothing,Oil,1,48061,10,5,48061,4806.1,43254.9
1271,2024-08-20 00:00:00,South,Clothing,Table,6,32070,0,2,192420,0,192420
1272,2024-04-08 00:00:00,North,Groceries,Mobile,4,49498,0,3,197992,0,197992
1273,2024-05-26 00:00:00,West,Furniture,Chair,5,47421,5,3,237105,11855.25,225249.75
1274,2024-10-30 00:00:00,North,Clothing,Mobile,5,45142,10,3,225710,22571,203139
1275,2024-07-26 00:00:00,North,Clothing,Rice,9,3653,20,1,32877,6575.4,26301.6
1276,2024-05-10 00:00:00,North,Electronics,Laptop,1,37475,20,4,37475,7495,29980
1277,2024-05-31 00:00:00,East,Electronics,Oil,2,43570,15,2,87140,13071,74069
1278,2024-02-23 00:00:00,East,Furniture,Mobile,6,38596,0,1,231576,0,231576
1279,2024-04-29 00:00:00,South,Clothing,Rice,5,8528,15,4,42640,6396,36244
1280,2024-06-09 00:00:00,South,Clothing,Laptop,7,15734,5,4,110138,5506.9,104631.1
1281,2024-04-25 00:00:00,West,Electronics,Laptop,3,19944,20,2,59832,11966.4,47865.6
1282,2024-03-15 00:00:00,South,Clothing,Oil,3,19589,0,2,58767,0,58767
1283,2024-04-22 00:00:00,North,Groceries,Chair,2,36520,5,2,73040,3652,69388
1284,2024-04-13 00:00:00,North,Electronics,Jeans,3,49370,5,1,148110,7405.5,140704.5
1285,2024-12-05 00:00:00,East,Furniture,Table,1,35210,0,5,35210,0,35210
1286,2024-09-10 00:00:00,North,Electronics,Mobile,5,14865,5,2,74325,3716.25,70608.75
1287,2024-08-14 00:00:00,West,Clothing,Laptop,5,38065,0,5,190325,0,190325
1288,2024-04-21 00:00:00,North,Furniture,Mobile,7,8840,0,1,61880,0,61880
1289,2024-04-08 00:00:00,North,Electronics,Jeans,4,34916,10,5,139664,13966.4,125697.6
1290,2024-06-01 00:00:00,West,Groceries,Table,3,25721,15,3,77163,11574.45,65588.55
1291,2024-12-14 00:00:00,South,Groceries,Jeans,1,30249,5,5,30249,1512.45,28736.55
1292,2024-12-03 00:00:00,South,Electronics,Table,8,5818,5,2,46544,2327.2,44216.8
1293,2024-07-12 00:00:00,West,Groceries,T-Shirt,3,37204,10,1,111612,11161.2,100450.8
1294,2024-11-05 00:00:00,East,Groceries,Table,2,2120,10,2,4240,424,3816
1295,2024-06-11 00:00:00,North,Groceries,Oil,4,44137,10,3,176548,17654.8,158893.2
1296,2024-07-26 00:00:00,West,Furniture,Chair,3,4388,20,2,13164,2632.8,10531.2
1297,2024-06-17 00:00:00,North,Groceries,Jeans,1,12407,20,2,12407,2481.4,9925.6
1298,2024-06-09 00:00:00,East,Groceries,Laptop,3,438,20,2,1314,262.8,1051.2
1299,2024-03-08 00:00:00,North,Groceries,Oil,2,33172,0,4,66344,0,66344
1300,2024-10-15 00:00:00,West,Furniture,T-Shirt,8,10999,5,3,87992,4399.6,83592.4
1301,2024-10-03 00:00:00,North,Electronics,Chair,6,5752,15,2,34512,5176.8,29335.2
1302,2024-10-30 00:00:00,South,Clothing,Mobile,9,29116,0,2,262044,0,262044
1303,2024-05-14 00:00:00,East,Groceries,Oil,8,5127,5,2,41016,2050.8,38965.2
1304,2024-07-13 00:00:00,East,Electronics,Jeans,3,28164,5,1,84492,4224.6,80267.4
1305,2024-05-07 00:00:00,East,Groceries,Rice,5,11364,10,4,56820,5682,51138
1306,2024-02-02 00:00:00,West,Furniture,Rice,7,37358,10,1,261506,26150.6,235355.4
1307,2024-06-24 00:00:00,East,Electronics,Laptop,5,19271,0,4,96355,0,96355
1308,2024-01-22 00:00:00,South,Furniture,Table,8,48609,10,2,388872,38887.2,349984.8
1309,2024-08-25 00:00:00,West,Groceries,Laptop,5,6360,5,3,31800,1590,30210
1310,2024-06-06 00:00:00,South,Groceries,Rice,1,16010,10,5,16010,1601,14409
1311,2024-02-07 00:00:00,North,Furniture,Mobile,5,5326,20,5,26630,5326,21304
1312,2024-08-17 00:00:00,North,Clothing,T-Shirt,4,30209,10,2,120836,12083.6,108752.4
1313,2024-12-30 00:00:00,North,Furniture,T-Shirt,6,33784,5,1,202704,10135.2,192568.8
1314,2024-02-20 00:00:00,North,Groceries,Jeans,3,46382,0,3,139146,0,139146
1315,2024-09-20 00:00:00,South,Furniture,T-Shirt,5,25596,15,4,127980,19197,108783
1316,2024-10-09 00:00:00,West,Clothing,Jeans,2,392,10,2,784,78.4,705.6
1317,2024-01-27 00:00:00,West,Furniture,Oil,6,36613,5,3,219678,10983.9,208694.1
1318,2024-08-13 00:00:00,East,Clothing,Jeans,6,13016,15,3,78096,11714.4,66381.6
1319,2024-10-03 00:00:00,South,Clothing,Oil,5,39282,15,4,196410,29461.5,166948.5
1320,2024-10-12 00:00:00,North,Furniture,Jeans,6,32330,20,3,193980,38796,155184
1321,2024-04-06 00:00:00,South,Furniture,Rice,7,40342,15,1,282394,42359.1,240034.9
1322,2024-10-10 00:00:00,East,Electronics,Rice,5,36668,5,1,183340,9167,174173
1323,2024-11-12 00:00:00,East,Groceries,Table,1,30898,5,1,30898,1544.9,29353.1
1324,2024-10-30 00:00:00,South,Clothing,Oil,8,10855,10,3,86840,8684,78156
1325,2024-05-26 00:00:00,South,Electronics,Chair,4,48097,10,1,192388,19238.8,173149.2
1326,2024-01-04 00:00:00,South,Furniture,Oil,9,30275,10,4,272475,27247.5,245227.5
1327,2024-02-04 00:00:00,West,Groceries,Jeans,6,9559,15,3,57354,8603.1,48750.9
1328,2024-07-10 00:00:00,North,Electronics,Jeans,1,36861,15,5,36861,5529.15,31331.85
1329,2024-02-18 00:00:00,South,Clothing,Chair,3,39779,20,3,119337,23867.4,95469.6
1330,2024-01-17 00:00:00,South,Electronics,Laptop,3,42256,10,4,126768,12676.8,114091.2
1331,2024-06-20 00:00:00,South,Clothing,Jeans,4,33472,0,5,133888,0,133888
1332,2024-08-07 00:00:00,East,Furniture,Table,6,42781,20,3,256686,51337.2,205348.8
1333,2024-06-06 00:00:00,East,Groceries,T-Shirt,7,14871,0,1,104097,0,104097
1334,2024-02-15 00:00:00,West,Groceries,T-Shirt,4,27248,15,2,108992,16348.8,92643.2
1335,2024-01-06 00:00:00,North,Groceries,Mobile,6,10938,20,2,65628,13125.6,52502.4
1336,2024-04-08 00:00:00,West,Furniture,Mobile,1,26163,20,1,26163,5232.6,20930.4
1337,2024-08-20 00:00:00,North,Clothing,T-Shirt,8,44154,5,2,353232,17661.6,335570.4
1338,2024-02-06 00:00:00,East,Furniture,T-Shirt,7,6973,15,2,48811,7321.65,41489.35
1339,2024-10-06 00:00:00,East,Groceries,Rice,9,36784,15,1,331056,49658.4,281397.6
1340,2024-12-14 00:00:00,East,Furniture,Table,3,30094,20,1,90282,18056.4,72225.6
1341,2024-10-28 00:00:00,West,Furniture,Chair,2,917,15,3,1834,275.1,1558.9
1342,2024-06-29 00:00:00,South,Furniture,Mobile,1,11876,20,3,11876,2375.2,9500.8
1343,2024-04-04 00:00:00,South,Clothing,Rice,3,4634,5,1,13902,695.1,13206.9
1344,2024-04-08 00:00:00,East,Electronics,Rice,5,38025,20,4,190125,38025,152100
1345,2024-07-06 00:00:00,South,Electronics,Chair,2,29300,15,2,58600,8790,49810
1346,2024-04-25 00:00:00,South,Furniture,Rice,3,5194,15,3,15582,2337.3,13244.7
1347,2024-07-09 00:00:00,West,Electronics,Oil,4,4434,20,2,17736,3547.2,14188.8
1348,2024-09-09 00:00:00,North,Electronics,Table,7,3964,20,5,27748,5549.6,22198.4
1349,2024-06-09 00:00:00,East,Furniture,T-Shirt,3,44149,20,1,132447,26489.4,105957.6
1350,2024-09-12 00:00:00,East,Furniture,Jeans,9,37605,10,4,338445,33844.5,304600.5
1351,2024-11-18 00:00:00,West,Groceries,Chair,8,35072,15,5,280576,42086.4,238489.6
1352,2024-05-07 00:00:00,West,Electronics,T-Shirt,4,42415,15,5,169660,25449,144211
1353,2024-01-18 00:00:00,South,Clothing,T-Shirt,1,23385,10,5,23385,2338.5,21046.5
1354,2024-10-07 00:00:00,East,Furniture,Laptop,1,43642,20,1,43642,8728.4,34913.6
1355,2024-08-10 00:00:00,North,Groceries,Oil,1,41353,5,3,41353,2067.65,39285.35
1356,2024-02-23 00:00:00,West,Clothing,Chair,1,12199,20,1,12199,2439.8,9759.2
1357,2024-02-27 00:00:00,North,Electronics,Rice,8,36687,20,3,293496,58699.2,234796.8
1358,2024-11-18 00:00:00,North,Groceries,Jeans,3,2781,10,5,8343,834.3,7508.7
1359,2024-12-25 00:00:00,East,Furniture,Chair,6,2963,15,5,17778,2666.7,15111.3
1360,2024-06-22 00:00:00,East,Clothing,Rice,3,27574,20,4,82722,16544.4,66177.6
1361,2024-10-06 00:00:00,West,Furniture,T-Shirt,5,38959,15,3,194795,29219.25,165575.75
1362,2024-04-23 00:00:00,East,Electronics,Jeans,7,10731,0,5,75117,0,75117
1363,2024-10-14 00:00:00,East,Clothing,Rice,2,25507,15,2,51014,7652.1,43361.9
1364,2024-12-07 00:00:00,East,Electronics,Table,6,31035,5,4,186210,9310.5,176899.5
1365,2024-05-30 00:00:00,North,Electronics,Rice,6,11264,5,1,67584,3379.2,64204.8
1366,2024-05-06 00:00:00,West,Groceries,Laptop,3,11512,20,4,34536,6907.2,27628.8
1367,2024-06-03 00:00:00,South,Furniture,Oil,6,37748,15,2,226488,33973.2,192514.8
1368,2024-09-29 00:00:00,North,Clothing,T-Shirt,5,37145,20,3,185725,37145,148580
1369,2024-04-13 00:00:00,East,Electronics,Rice,2,48137,10,1,96274,9627.4,86646.6
1370,2024-10-25 00:00:00,North,Electronics,Oil,9,6676,5,1,60084,3004.2,57079.8
1371,2024-09-02 00:00:00,East,Clothing,Mobile,8,24765,20,3,198120,39624,158496
1372,2024-06-24 00:00:00,East,Electronics,Mobile,3,2582,10,4,7746,774.6,6971.4
1373,2024-02-08 00:00:00,North,Groceries,Oil,8,49883,20,5,399064,79812.8,319251.2
1374,2024-06-18 00:00:00,West,Groceries,Oil,9,22663,15,4,203967,30595.05,173371.95
1375,2024-09-03 00:00:00,East,Groceries,Laptop,3,45476,15,2,136428,20464.2,115963.8
1376,2024-01-26 00:00:00,West,Groceries,Table,3,33602,15,5,100806,15120.9,85685.1
1377,2024-12-20 00:00:00,South,Electronics,T-Shirt,2,26545,15,4,53090,7963.5,45126.5
1378,2024-11-01 00:00:00,East,Clothing,Chair,8,44964,0,3,359712,0,359712
1379,2024-01-13 00:00:00,West,Clothing,Laptop,1,27146,10,2,27146,2714.6,24431.4
1380,2024-11-11 00:00:00,West,Clothing,Table,8,14362,10,2,114896,11489.6,103406.4
1381,2024-11-08 00:00:00,South,Clothing,Oil,7,49354,15,2,345478,51821.7,293656.3
1382,2024-02-05 00:00:00,West,Furniture,Chair,7,46973,0,5,328811,0,328811
1383,2024-06-21 00:00:00,West,Clothing,Oil,3,8597,15,1,25791,3868.65,21922.35
1384,2024-01-20 00:00:00,South,Furniture,Oil,1,22535,0,5,22535,0,22535
1385,2024-11-16 00:00:00,East,Furniture,Mobile,4,45295,15,4,181180,27177,154003
1386,2024-09-20 00:00:00,West,Groceries,Mobile,9,14594,5,1,131346,6567.3,124778.7
1387,2024-05-21 00:00:00,West,Furniture,Chair,5,27397,5,4,136985,6849.25,130135.75
1388,2024-05-22 00:00:00,West,Electronics,Laptop,1,22210,20,1,22210,4442,17768
1389,2024-04-01 00:00:00,North,Furniture,Mobile,5,24323,15,5,121615,18242.25,103372.75
1390,2024-12-19 00:00:00,South,Groceries,T-Shirt,8,22587,10,2,180696,18069.6,162626.4
1391,2024-11-17 00:00:00,North,Furniture,Oil,8,3090,20,3,24720,4944,19776
1392,2024-10-14 00:00:00,South,Electronics,Jeans,5,27969,5,2,139845,6992.25,132852.75
1393,2024-08-02 00:00:00,East,Electronics,Rice,9,43826,15,5,394434,59165.1,335268.9
1394,2024-12-07 00:00:00,East,Electronics,Chair,1,8226,20,1,8226,1645.2,6580.8
1395,2024-02-20 00:00:00,West,Groceries,Chair,4,3506,15,2,14024,2103.6,11920.4
1396,2024-06-01 00:00:00,South,Groceries,Mobile,3,33865,5,5,101595,5079.75,96515.25
1397,2024-07-04 00:00:00,East,Clothing,Laptop,2,9477,20,4,18954,3790.8,15163.2
1398,2024-03-03 00:00:00,South,Groceries,Oil,8,42439,5,3,339512,16975.6,322536.4
1399,2024-07-08 00:00:00,East,Electronics,T-Shirt,7,47864,0,2,335048,0,335048
1400,2024-05-04 00:00:00,North,Electronics,Laptop,9,48208,5,1,433872,21693.6,412178.4
1401,2024-05-29 00:00:00,East,Groceries,Table,2,14883,15,4,29766,4464.9,25301.1
1402,2024-11-09 00:00:00,North,Furniture,Table,4,870,10,5,3480,348,3132
1403,2024-02-27 00:00:00,East,Groceries,Jeans,6,23875,5,3,143250,7162.5,136087.5
1404,2024-12-07 00:00:00,West,Groceries,Mobile,3,18089,10,1,54267,5426.7,48840.3
1405,2024-10-31 00:00:00,North,Electronics,Mobile,8,44735,0,5,357880,0,357880
1406,2024-06-28 00:00:00,East,Clothing,Mobile,3,13206,20,5,39618,7923.6,31694.4
1407,2024-06-18 00:00:00,West,Electronics,Jeans,2,48736,20,2,97472,19494.4,77977.6
1408,2024-11-21 00:00:00,North,Clothing,Table,3,26731,10,2,80193,8019.3,72173.7
1409,2024-09-27 00:00:00,West,Electronics,Laptop,6,21839,20,1,131034,26206.8,104827.2
1410,2024-02-23 00:00:00,South,Groceries,Jeans,2,16833,5,5,33666,1683.3,31982.7
1411,2024-04-10 00:00:00,South,Electronics,Jeans,8,34860,10,2,278880,27888,250992
1412,2024-09-20 00:00:00,North,Electronics,Laptop,1,3639,15,3,3639,545.85,3093.15
1413,2024-02-22 00:00:00,East,Electronics,Mobile,7,32372,5,3,226604,11330.2,215273.8
1414,2024-02-29 00:00:00,North,Groceries,T-Shirt,2,35822,5,5,71644,3582.2,68061.8
1415,2024-04-17 00:00:00,West,Groceries,Laptop,6,11777,5,2,70662,3533.1,67128.9
1416,2024-01-05 00:00:00,East,Groceries,Table,2,11963,15,1,23926,3588.9,20337.1
1417,2024-04-12 00:00:00,South,Groceries,Chair,2,20376,0,1,40752,0,40752
1418,2024-07-14 00:00:00,East,Clothing,Oil,8,44586,20,1,356688,71337.6,285350.4
1419,2024-09-18 00:00:00,South,Clothing,Chair,2,24455,10,3,48910,4891,44019
1420,2024-12-30 00:00:00,East,Furniture,Rice,7,41203,0,2,288421,0,288421
1421,2024-12-15 00:00:00,East,Groceries,Rice,3,20196,10,2,60588,6058.8,54529.2
1422,2024-02-16 00:00:00,East,Clothing,Jeans,8,35586,20,3,284688,56937.6,227750.4
1423,2024-12-20 00:00:00,West,Electronics,Oil,7,21262,15,1,148834,22325.1,126508.9
1424,2024-11-06 00:00:00,West,Groceries,Chair,8,36131,5,1,289048,14452.4,274595.6
1425,2024-11-03 00:00:00,North,Furniture,T-Shirt,7,35910,5,5,251370,12568.5,238801.5
1426,2024-05-23 00:00:00,North,Furniture,Mobile,6,34893,15,4,209358,31403.7,177954.3
1427,2024-09-25 00:00:00,South,Furniture,Table,7,35940,0,2,251580,0,251580
1428,2024-05-03 00:00:00,West,Electronics,Rice,5,11905,0,2,59525,0,59525
1429,2024-04-15 00:00:00,South,Clothing,T-Shirt,7,43608,10,2,305256,30525.6,274730.4
1430,2024-06-06 00:00:00,North,Electronics,Table,1,28247,15,4,28247,4237.05,24009.95
1431,2024-05-26 00:00:00,South,Groceries,Table,1,11166,0,5,11166,0,11166
1432,2024-05-24 00:00:00,North,Furniture,Mobile,9,17574,15,4,158166,23724.9,134441.1
1433,2024-04-29 00:00:00,West,Electronics,Oil,5,11338,20,1,56690,11338,45352
1434,2024-11-14 00:00:00,East,Electronics,Jeans,5,16135,5,1,80675,4033.75,76641.25
1435,2024-10-01 00:00:00,West,Clothing,Chair,3,46113,5,2,138339,6916.95,131422.05
1436,2024-04-01 00:00:00,South,Clothing,Mobile,5,689,5,3,3445,172.25,3272.75
1437,2024-02-27 00:00:00,South,Furniture,T-Shirt,3,44716,15,2,134148,20122.2,114025.8
1438,2024-12-11 00:00:00,West,Electronics,Jeans,9,22460,15,3,202140,30321,171819
1439,2024-08-16 00:00:00,West,Electronics,T-Shirt,9,26269,10,4,236421,23642.1,212778.9
1440,2024-04-26 00:00:00,North,Clothing,Jeans,6,19475,5,1,116850,5842.5,111007.5
1441,2024-11-13 00:00:00,South,Electronics,Oil,1,36484,10,3,36484,3648.4,32835.6
1442,2024-10-05 00:00:00,South,Electronics,Rice,7,39378,5,4,275646,13782.3,261863.7
1443,2024-05-06 00:00:00,West,Electronics,T-Shirt,7,33021,10,1,231147,23114.7,208032.3
1444,2024-05-08 00:00:00,East,Clothing,Mobile,4,17199,10,3,68796,6879.6,61916.4
1445,2024-02-27 00:00:00,South,Furniture,Jeans,8,38912,20,2,311296,62259.2,249036.8
1446,2024-05-01 00:00:00,East,Groceries,Jeans,6,40372,10,2,242232,24223.2,218008.8
1447,2024-01-01 00:00:00,West,Furniture,Table,4,33922,15,2,135688,20353.2,115334.8
1448,2024-08-26 00:00:00,West,Groceries,Table,4,10825,10,4,43300,4330,38970
1449,2024-10-16 00:00:00,North,Electronics,Laptop,2,1829,5,2,3658,182.9,3475.1
1450,2024-04-05 00:00:00,South,Furniture,T-Shirt,2,11173,10,5,22346,2234.6,20111.4
1451,2024-05-05 00:00:00,East,Groceries,Table,4,7059,0,1,28236,0,28236
1452,2024-04-27 00:00:00,North,Clothing,Laptop,5,41809,5,4,209045,10452.25,198592.75
1453,2024-02-17 00:00:00,South,Clothing,Rice,8,43507,0,2,348056,0,348056
1454,2024-03-29 00:00:00,North,Furniture,Rice,6,45650,5,1,273900,13695,260205
1455,2024-08-24 00:00:00,West,Furniture,Table,4,36246,15,3,144984,21747.6,123236.4
1456,2024-09-28 00:00:00,South,Electronics,T-Shirt,7,22039,15,2,154273,23140.95,131132.05
1457,2024-07-07 00:00:00,North,Furniture,Jeans,8,27416,15,1,219328,32899.2,186428.8
1458,2024-07-10 00:00:00,North,Electronics,Chair,2,19145,0,5,38290,0,38290
1459,2024-03-09 00:00:00,East,Electronics,Oil,7,6739,20,3,47173,9434.6,37738.4
1460,2024-10-04 00:00:00,North,Clothing,T-Shirt,2,49722,5,5,99444,4972.2,94471.8
1461,2024-12-14 00:00:00,South,Clothing,Oil,2,33825,15,1,67650,10147.5,57502.5
1462,2024-09-03 00:00:00,South,Groceries,Mobile,8,5086,5,5,40688,2034.4,38653.6
1463,2024-03-16 00:00:00,East,Clothing,Rice,2,45913,0,1,91826,0,91826
1464,2024-06-02 00:00:00,South,Clothing,Table,9,7685,20,1,69165,13833,55332
1465,2024-05-23 00:00:00,West,Furniture,Table,1,31655,0,5,31655,0,31655
1466,2024-03-26 00:00:00,South,Clothing,Oil,9,46648,5,1,419832,20991.6,398840.4
1467,2024-07-03 00:00:00,South,Groceries,Jeans,1,16967,20,2,16967,3393.4,13573.6
1468,2024-10-11 00:00:00,North,Furniture,Oil,2,47365,20,1,94730,18946,75784
1469,2024-08-07 00:00:00,North,Groceries,Mobile,6,28653,0,4,171918,0,171918
1470,2024-03-09 00:00:00,South,Clothing,Jeans,6,10944,15,1,65664,9849.6,55814.4
1471,2024-02-16 00:00:00,East,Groceries,Mobile,1,37302,5,4,37302,1865.1,35436.9
1472,2024-04-03 00:00:00,North,Furniture,Chair,7,12426,10,1,86982,8698.2,78283.8
1473,2024-08-25 00:00:00,East,Electronics,Rice,8,28069,10,1,224552,22455.2,202096.8
1474,2024-07-22 00:00:00,South,Groceries,Table,2,22788,0,5,45576,0,45576
1475,2024-08-05 00:00:00,South,Groceries,Table,8,13640,5,2,109120,5456,103664
1476,2024-12-06 00:00:00,West,Furniture,Chair,9,31909,5,2,287181,14359.05,272821.95
1477,2024-02-08 00:00:00,North,Furniture,Laptop,6,47988,0,3,287928,0,287928
1478,2024-04-09 00:00:00,South,Groceries,Rice,5,22695,5,5,113475,5673.75,107801.25
1479,2024-10-15 00:00:00,West,Clothing,Jeans,9,37219,15,5,334971,50245.65,284725.35
1480,2024-09-10 00:00:00,North,Groceries,Chair,9,45148,0,2,406332,0,406332
1481,2024-08-09 00:00:00,South,Furniture,Jeans,1,49108,15,5,49108,7366.2,41741.8
1482,2024-12-22 00:00:00,South,Electronics,Oil,3,1122,5,2,3366,168.3,3197.7
1483,2024-01-23 00:00:00,North,Electronics,T-Shirt,9,27726,0,5,249534,0,249534
1484,2024-09-06 00:00:00,North,Clothing,Table,2,8157,5,1,16314,815.7,15498.3
1485,2024-01-10 00:00:00,North,Groceries,Jeans,4,48764,0,2,195056,0,195056
1486,2024-09-02 00:00:00,South,Electronics,Mobile,4,34198,5,2,136792,6839.6,129952.4
1487,2024-11-20 00:00:00,South,Groceries,Jeans,2,43595,15,4,87190,13078.5,74111.5
1488,2024-04-09 00:00:00,West,Furniture,T-Shirt,3,24231,15,5,72693,10903.95,61789.05
1489,2024-10-16 00:00:00,East,Electronics,Rice,3,10206,5,5,30618,1530.9,29087.1
1490,2024-06-28 00:00:00,North,Clothing,Table,1,37901,0,2,37901,0,37901
1491,2024-08-10 00:00:00,South,Furniture,Oil,6,47263,10,1,283578,28357.8,255220.2
1492,2024-09-06 00:00:00,South,Clothing,Chair,8,26139,15,1,209112,31366.8,177745.2
1493,2024-05-26 00:00:00,North,Furniture,Oil,3,49345,15,1,148035,22205.25,125829.75
1494,2024-04-05 00:00:00,East,Electronics,T-Shirt,5,20524,10,5,102620,10262,92358
1495,2024-09-13 00:00:00,North,Clothing,Table,1,23067,5,4,23067,1153.35,21913.65
1496,2024-11-20 00:00:00,East,Clothing,Jeans,7,403,0,2,2821,0,2821
1497,2024-01-04 00:00:00,South,Furniture,Rice,1,16744,5,3,16744,837.2,15906.8
1498,2024-01-16 00:00:00,East,Clothing,Laptop,9,16099,20,4,144891,28978.2,115912.8
1499,2024-10-06 00:00:00,West,Furniture,Rice,8,29263,15,3,234104,35115.6,198988.4
1500,2024-12-01 00:00:00,South,Furniture,Laptop,7,25544,20,4,178808,35761.6,143046.4
1501,2024-09-03 00:00:00,West,Furniture,Mobile,7,3948,15,1,27636,4145.4,23490.6
1502,2024-09-14 00:00:00,North,Furniture,Rice,5,39686,15,5,198430,29764.5,168665.5
1503,2024-06-08 00:00:00,North,Electronics,Table,5,1293,20,3,6465,1293,5172
1504,2024-12-05 00:00:00,North,Furniture,Laptop,5,15428,20,4,77140,15428,61712
1505,2024-05-31 00:00:00,East,Groceries,Chair,1,21084,5,5,21084,1054.2,20029.8
1506,2024-06-26 00:00:00,South,Clothing,Table,8,25383,20,3,203064,40612.8,162451.2
1507,2024-06-11 00:00:00,North,Groceries,Chair,1,16234,5,2,16234,811.7,15422.3
1508,2024-02-02 00:00:00,North,Electronics,Rice,4,5910,5,4,23640,1182,22458
1509,2024-06-27 00:00:00,South,Groceries,Chair,9,42700,5,2,384300,19215,365085
1510,2024-04-10 00:00:00,North,Clothing,Laptop,9,19459,15,1,175131,26269.65,148861.35
1511,2024-09-24 00:00:00,West,Groceries,Table,5,36159,15,2,180795,27119.25,153675.75
1512,2024-11-18 00:00:00,South,Electronics,Jeans,4,33657,20,2,134628,26925.6,107702.4
1513,2024-03-05 00:00:00,South,Furniture,T-Shirt,3,20343,15,4,61029,9154.35,51874.65
1514,2024-06-16 00:00:00,South,Groceries,Laptop,3,2303,20,1,6909,1381.8,5527.2
1515,2024-11-25 00:00:00,West,Electronics,Laptop,5,565,15,2,2825,423.75,2401.25
1516,2024-02-12 00:00:00,South,Electronics,Jeans,1,46978,0,5,46978,0,46978
1517,2024-02-13 00:00:00,West,Clothing,Table,5,44735,0,3,223675,0,223675
1518,2024-10-11 00:00:00,South,Clothing,Table,6,16303,20,2,97818,19563.6,78254.4
1519,2024-01-12 00:00:00,East,Groceries,Oil,7,32710,15,1,228970,34345.5,194624.5
1520,2024-04-04 00:00:00,North,Furniture,Rice,9,24676,15,2,222084,33312.6,188771.4
1521,2024-10-28 00:00:00,East,Electronics,Chair,3,12942,5,3,38826,1941.3,36884.7
1522,2024-09-09 00:00:00,North,Groceries,Rice,2,12591,10,1,25182,2518.2,22663.8
1523,2024-08-29 00:00:00,West,Electronics,Jeans,3,37140,20,4,111420,22284,89136
1524,2024-02-04 00:00:00,East,Electronics,Rice,9,29101,10,1,261909,26190.9,235718.1
1525,2024-08-02 00:00:00,South,Furniture,Jeans,7,32201,10,4,225407,22540.7,202866.3
1526,2024-12-02 00:00:00,North,Furniture,Table,9,15823,20,1,142407,28481.4,113925.6
1527,2024-03-30 00:00:00,North,Groceries,Chair,2,2578,15,3,5156,773.4,4382.6
1528,2024-09-20 00:00:00,East,Furniture,Rice,5,21572,20,3,107860,21572,86288
1529,2024-04-02 00:00:00,West,Furniture,Laptop,4,44999,10,1,179996,17999.6,161996.4
1530,2024-03-30 00:00:00,East,Groceries,Mobile,2,38637,15,2,77274,11591.1,65682.9
1531,2024-04-24 00:00:00,West,Furniture,Oil,9,35703,0,3,321327,0,321327
1532,2024-04-14 00:00:00,West,Clothing,T-Shirt,9,30946,20,4,278514,55702.8,222811.2
1533,2024-07-14 00:00:00,North,Electronics,Laptop,6,28123,20,4,168738,33747.6,134990.4
1534,2024-11-09 00:00:00,East,Electronics,Table,6,10067,15,5,60402,9060.3,51341.7
1535,2024-04-23 00:00:00,East,Electronics,T-Shirt,8,41458,0,4,331664,0,331664
1536,2024-03-15 00:00:00,West,Electronics,Mobile,6,33924,0,5,203544,0,203544
1537,2024-08-04 00:00:00,East,Groceries,Mobile,1,9506,15,1,9506,1425.9,8080.1
1538,2024-10-03 00:00:00,South,Electronics,Chair,4,39591,5,1,158364,7918.2,150445.8
1539,2024-09-05 00:00:00,South,Electronics,T-Shirt,7,15108,20,1,105756,21151.2,84604.8
1540,2024-06-12 00:00:00,East,Electronics,Chair,2,27281,20,2,54562,10912.4,43649.6
1541,2024-12-22 00:00:00,East,Electronics,Laptop,9,37428,10,2,336852,33685.2,303166.8
1542,2024-07-10 00:00:00,West,Clothing,Jeans,8,23586,15,5,188688,28303.2,160384.8
1543,2024-08-14 00:00:00,South,Electronics,Jeans,8,46954,10,4,375632,37563.2,338068.8
1544,2024-06-25 00:00:00,South,Clothing,Jeans,7,45606,10,4,319242,31924.2,287317.8
1545,2024-04-08 00:00:00,North,Groceries,T-Shirt,4,28502,0,1,114008,0,114008
1546,2024-02-05 00:00:00,West,Furniture,Jeans,2,19412,20,3,38824,7764.8,31059.2
1547,2024-04-05 00:00:00,North,Electronics,Laptop,3,35818,10,2,107454,10745.4,96708.6
1548,2024-05-31 00:00:00,South,Furniture,Chair,6,46267,0,2,277602,0,277602
1549,2024-05-30 00:00:00,West,Furniture,T-Shirt,5,10898,15,1,54490,8173.5,46316.5
1550,2024-07-08 00:00:00,East,Groceries,Chair,8,4794,10,2,38352,3835.2,34516.8
1551,2024-08-11 00:00:00,West,Furniture,T-Shirt,6,25725,20,1,154350,30870,123480
1552,2024-02-06 00:00:00,East,Clothing,Chair,6,14482,10,5,86892,8689.2,78202.8
1553,2024-09-24 00:00:00,East,Furniture,Mobile,1,49253,15,4,49253,7387.95,41865.05
1554,2024-07-01 00:00:00,West,Furniture,Chair,4,14534,10,3,58136,5813.6,52322.4
1555,2024-01-13 00:00:00,East,Furniture,Jeans,5,29379,20,4,146895,29379,117516
1556,2024-10-05 00:00:00,North,Electronics,Mobile,3,6844,0,4,20532,0,20532
1557,2024-08-04 00:00:00,South,Electronics,Chair,9,35818,20,5,322362,64472.4,257889.6
1558,2024-12-20 00:00:00,East,Clothing,T-Shirt,1,47901,0,2,47901,0,47901
1559,2024-12-26 00:00:00,North,Clothing,T-Shirt,6,33133,5,3,198798,9939.9,188858.1
1560,2024-10-12 00:00:00,East,Electronics,Oil,6,43669,20,2,262014,52402.8,209611.2
1561,2024-09-29 00:00:00,South,Clothing,T-Shirt,5,33887,20,4,169435,33887,135548
1562,2024-03-02 00:00:00,North,Electronics,Table,5,41273,15,1,206365,30954.75,175410.25
1563,2024-03-24 00:00:00,South,Groceries,Laptop,5,17575,10,4,87875,8787.5,79087.5
1564,2024-08-04 00:00:00,South,Furniture,T-Shirt,6,48683,0,2,292098,0,292098
1565,2024-12-07 00:00:00,North,Furniture,Mobile,8,31126,0,4,249008,0,249008
1566,2024-07-05 00:00:00,North,Clothing,Oil,2,36807,15,1,73614,11042.1,62571.9
1567,2024-01-19 00:00:00,North,Electronics,T-Shirt,6,17842,15,5,107052,16057.8,90994.2
1568,2024-06-25 00:00:00,West,Electronics,Table,1,24193,10,2,24193,2419.3,21773.7
1569,2024-04-09 00:00:00,North,Clothing,Jeans,4,44586,10,4,178344,17834.4,160509.6
1570,2024-08-20 00:00:00,North,Electronics,Mobile,3,46487,20,2,139461,27892.2,111568.8
1571,2024-03-16 00:00:00,North,Groceries,Table,9,21388,5,5,192492,9624.6,182867.4
1572,2024-09-21 00:00:00,North,Furniture,Jeans,3,32796,10,4,98388,9838.8,88549.2
1573,2024-10-10 00:00:00,East,Clothing,Rice,6,27972,15,4,167832,25174.8,142657.2
1574,2024-07-24 00:00:00,West,Clothing,Rice,1,31057,10,2,31057,3105.7,27951.3
1575,2024-08-10 00:00:00,South,Electronics,Mobile,6,10976,0,2,65856,0,65856
1576,2024-02-21 00:00:00,North,Clothing,Chair,4,33035,5,1,132140,6607,125533
1577,2024-12-04 00:00:00,East,Groceries,Laptop,8,9988,20,5,79904,15980.8,63923.2
1578,2024-05-23 00:00:00,East,Electronics,Oil,9,5860,0,1,52740,0,52740
1579,2024-03-09 00:00:00,East,Electronics,Laptop,4,4678,0,4,18712,0,18712
1580,2024-04-08 00:00:00,South,Electronics,Table,6,8410,5,2,50460,2523,47937
1581,2024-01-25 00:00:00,North,Electronics,Jeans,1,11122,20,4,11122,2224.4,8897.6
1582,2024-02-22 00:00:00,West,Groceries,Laptop,4,36489,15,4,145956,21893.4,124062.6
1583,2024-05-30 00:00:00,West,Electronics,Jeans,7,33540,20,3,234780,46956,187824
1584,2024-05-23 00:00:00,East,Clothing,Jeans,1,40050,10,3,40050,4005,36045
1585,2024-02-26 00:00:00,South,Groceries,Table,8,38363,0,4,306904,0,306904
1586,2024-02-08 00:00:00,South,Furniture,Table,6,48375,10,2,290250,29025,261225
1587,2024-04-18 00:00:00,South,Furniture,Table,5,18842,15,4,94210,14131.5,80078.5
1588,2024-06-29 00:00:00,West,Clothing,Laptop,9,11294,10,3,101646,10164.6,91481.4
1589,2024-02-11 00:00:00,East,Clothing,Rice,2,22623,20,2,45246,9049.2,36196.8
1590,2024-07-04 00:00:00,North,Groceries,Table,5,33618,10,4,168090,16809,151281
1591,2024-08-10 00:00:00,West,Furniture,Oil,6,5941,15,5,35646,5346.9,30299.1
1592,2024-05-01 00:00:00,East,Furniture,Laptop,7,46249,15,5,323743,48561.45,275181.55
1593,2024-05-12 00:00:00,East,Furniture,Table,5,7038,15,4,35190,5278.5,29911.5
1594,2024-06-11 00:00:00,North,Furniture,T-Shirt,9,3462,20,2,31158,6231.6,24926.4
1595,2024-08-02 00:00:00,North,Furniture,Jeans,1,5196,15,4,5196,779.4,4416.6
1596,2024-08-08 00:00:00,North,Electronics,Oil,7,44794,0,4,313558,0,313558
1597,2024-08-22 00:00:00,South,Clothing,Table,7,22364,15,3,156548,23482.2,133065.8
1598,2024-11-26 00:00:00,North,Electronics,Mobile,4,35795,10,5,143180,14318,128862
1599,2024-05-25 00:00:00,East,Furniture,Jeans,9,30457,10,3,274113,27411.3,246701.7
1600,2024-08-26 00:00:00,North,Groceries,Jeans,5,14411,10,3,72055,7205.5,64849.5
1601,2024-03-16 00:00:00,East,Groceries,Table,4,30653,20,4,122612,24522.4,98089.6
1602,2024-01-09 00:00:00,West,Furniture,Rice,7,5432,10,3,38024,3802.4,34221.6
1603,2024-03-14 00:00:00,South,Furniture,Chair,4,2417,20,5,9668,1933.6,7734.4
1604,2024-09-09 00:00:00,West,Groceries,Rice,3,24429,20,3,73287,14657.4,58629.6
1605,2024-08-17 00:00:00,West,Electronics,Table,9,14432,15,5,129888,19483.2,110404.8
1606,2024-01-07 00:00:00,East,Electronics,Jeans,8,25813,0,3,206504,0,206504
1607,2024-06-22 00:00:00,West,Furniture,Oil,1,14226,15,5,14226,2133.9,12092.1
1608,2024-05-20 00:00:00,East,Electronics,Mobile,7,28754,15,3,201278,30191.7,171086.3
1609,2024-06-16 00:00:00,North,Groceries,Oil,9,31108,20,3,279972,55994.4,223977.6
1610,2024-06-18 00:00:00,North,Electronics,Oil,8,19810,20,2,158480,31696,126784
1611,2024-10-09 00:00:00,East,Furniture,Jeans,8,46846,10,5,374768,37476.8,337291.2
1612,2024-05-01 00:00:00,North,Groceries,Rice,6,39805,10,5,238830,23883,214947
1613,2024-07-12 00:00:00,South,Electronics,Mobile,4,7231,15,5,28924,4338.6,24585.4
1614,2024-01-05 00:00:00,West,Clothing,Laptop,8,47774,5,1,382192,19109.6,363082.4
1615,2024-01-29 00:00:00,South,Groceries,T-Shirt,3,25715,5,3,77145,3857.25,73287.75
1616,2024-06-13 00:00:00,West,Groceries,Jeans,9,36684,10,5,330156,33015.6,297140.4
1617,2024-12-04 00:00:00,North,Clothing,Table,2,36382,5,1,72764,3638.2,69125.8
1618,2024-05-15 00:00:00,South,Clothing,Laptop,2,770,10,2,1540,154,1386
1619,2024-12-30 00:00:00,North,Groceries,T-Shirt,7,32454,20,5,227178,45435.6,181742.4
1620,2024-11-16 00:00:00,West,Clothing,Table,4,19488,15,5,77952,11692.8,66259.2
1621,2024-12-07 00:00:00,East,Furniture,Oil,8,13488,0,1,107904,0,107904
1622,2024-05-24 00:00:00,East,Furniture,Chair,9,30077,15,3,270693,40603.95,230089.05
1623,2024-11-22 00:00:00,South,Furniture,Table,7,19089,10,2,133623,13362.3,120260.7
1624,2024-08-04 00:00:00,North,Groceries,Mobile,5,1117,10,5,5585,558.5,5026.5
1625,2024-10-27 00:00:00,North,Clothing,Mobile,8,10266,15,3,82128,12319.2,69808.8
1626,2024-05-11 00:00:00,South,Clothing,Chair,4,29704,10,2,118816,11881.6,106934.4
1627,2024-10-18 00:00:00,East,Electronics,Laptop,2,7182,5,4,14364,718.2,13645.8
1628,2024-03-10 00:00:00,West,Electronics,T-Shirt,6,39304,5,4,235824,11791.2,224032.8
1629,2024-09-08 00:00:00,South,Clothing,Table,9,18262,10,2,164358,16435.8,147922.2
1630,2024-10-01 00:00:00,West,Clothing,Mobile,1,17199,10,1,17199,1719.9,15479.1
1631,2024-12-29 00:00:00,East,Clothing,Laptop,7,10141,5,2,70987,3549.35,67437.65
1632,2024-06-30 00:00:00,North,Groceries,Chair,9,23670,10,2,213030,21303,191727
1633,2024-06-15 00:00:00,East,Clothing,Rice,9,45348,10,1,408132,40813.2,367318.8
1634,2024-03-31 00:00:00,South,Electronics,Jeans,3,21333,15,1,63999,9599.85,54399.15
1635,2024-07-20 00:00:00,North,Groceries,Rice,5,44635,0,3,223175,0,223175
1636,2024-12-11 00:00:00,South,Clothing,Rice,8,4729,5,3,37832,1891.6,35940.4
1637,2024-01-19 00:00:00,South,Electronics,Mobile,8,17719,15,1,141752,21262.8,120489.2
1638,2024-02-08 00:00:00,East,Groceries,Oil,4,12392,0,4,49568,0,49568
1639,2024-05-05 00:00:00,South,Clothing,Oil,1,8766,10,4,8766,876.6,7889.4
1640,2024-06-21 00:00:00,East,Clothing,Chair,1,7426,10,2,7426,742.6,6683.4
1641,2024-05-20 00:00:00,North,Clothing,Table,4,38130,15,5,152520,22878,129642
1642,2024-08-29 00:00:00,East,Groceries,Oil,6,49558,10,2,297348,29734.8,267613.2
1643,2024-08-07 00:00:00,North,Electronics,Rice,8,21459,20,2,171672,34334.4,137337.6
1644,2024-05-05 00:00:00,East,Electronics,Oil,6,34287,15,5,205722,30858.3,174863.7
1645,2024-02-27 00:00:00,West,Furniture,Rice,9,1341,0,1,12069,0,12069
1646,2024-05-27 00:00:00,West,Clothing,T-Shirt,9,4827,15,4,43443,6516.45,36926.55
1647,2024-11-12 00:00:00,South,Furniture,Mobile,2,47469,5,2,94938,4746.9,90191.1
1648,2024-12-26 00:00:00,East,Furniture,Mobile,1,2890,15,5,2890,433.5,2456.5
1649,2024-01-01 00:00:00,East,Electronics,Table,2,40291,10,3,80582,8058.2,72523.8
1650,2024-12-13 00:00:00,North,Groceries,Oil,5,3455,10,2,17275,1727.5,15547.5
1651,2024-07-08 00:00:00,South,Groceries,Oil,4,5413,20,4,21652,4330.4,17321.6
1652,2024-07-09 00:00:00,East,Electronics,Jeans,4,37076,20,1,148304,29660.8,118643.2
1653,2024-11-07 00:00:00,South,Groceries,Laptop,9,19604,20,2,176436,35287.2,141148.8
1654,2024-04-26 00:00:00,West,Furniture,T-Shirt,8,25580,0,2,204640,0,204640
1655,2024-05-13 00:00:00,East,Clothing,Mobile,6,25720,20,5,154320,30864,123456
1656,2024-02-27 00:00:00,East,Electronics,T-Shirt,1,19373,0,3,19373,0,19373
1657,2024-02-13 00:00:00,South,Clothing,Mobile,2,24189,20,3,48378,9675.6,38702.4
1658,2024-06-21 00:00:00,East,Groceries,T-Shirt,6,42770,0,1,256620,0,256620
1659,2024-06-08 00:00:00,South,Clothing,Chair,2,24719,15,4,49438,7415.7,42022.3
1660,2024-06-21 00:00:00,East,Groceries,Rice,5,22639,15,1,113195,16979.25,96215.75
1661,2024-11-12 00:00:00,North,Groceries,Mobile,5,11613,10,2,58065,5806.5,52258.5
1662,2024-10-29 00:00:00,South,Furniture,T-Shirt,6,15195,0,2,91170,0,91170
1663,2024-05-28 00:00:00,East,Groceries,Oil,6,23759,5,3,142554,7127.7,135426.3
1664,2024-03-20 00:00:00,West,Furniture,Laptop,6,45551,10,4,273306,27330.6,245975.4
1665,2024-07-31 00:00:00,East,Furniture,Chair,2,23713,15,5,47426,7113.9,40312.1
1666,2024-07-21 00:00:00,West,Furniture,Chair,3,5221,0,4,15663,0,15663
1667,2024-09-08 00:00:00,West,Electronics,Laptop,6,32664,20,2,195984,39196.8,156787.2
1668,2024-08-16 00:00:00,North,Electronics,T-Shirt,8,21319,5,5,170552,8527.6,162024.4
1669,2024-06-12 00:00:00,South,Groceries,Oil,1,29499,15,4,29499,4424.85,25074.15
1670,2024-08-14 00:00:00,East,Furniture,Table,1,39550,10,4,39550,3955,35595
1671,2024-05-26 00:00:00,North,Electronics,Laptop,2,46423,0,5,92846,0,92846
1672,2024-01-20 00:00:00,East,Furniture,T-Shirt,6,25717,5,2,154302,7715.1,146586.9
1673,2024-02-16 00:00:00,West,Clothing,Laptop,9,13317,0,4,119853,0,119853
1674,2024-08-20 00:00:00,South,Clothing,Laptop,4,22450,20,5,89800,17960,71840
1675,2024-10-31 00:00:00,East,Clothing,Mobile,3,19150,10,2,57450,5745,51705
1676,2024-01-14 00:00:00,East,Groceries,T-Shirt,8,17559,0,5,140472,0,140472
1677,2024-05-22 00:00:00,West,Furniture,Table,9,23796,15,5,214164,32124.6,182039.4
1678,2024-01-01 00:00:00,East,Clothing,Rice,5,25730,10,4,128650,12865,115785
1679,2024-02-23 00:00:00,East,Electronics,Mobile,9,1462,15,2,13158,1973.7,11184.3
1680,2024-09-15 00:00:00,West,Clothing,Laptop,2,40350,0,4,80700,0,80700
1681,2024-05-23 00:00:00,North,Clothing,Rice,3,22815,10,1,68445,6844.5,61600.5
1682,2024-01-12 00:00:00,West,Clothing,Jeans,7,3527,15,1,24689,3703.35,20985.65
1683,2024-11-25 00:00:00,North,Groceries,Rice,7,29968,20,2,209776,41955.2,167820.8
1684,2024-08-11 00:00:00,South,Electronics,Laptop,6,29050,20,5,174300,34860,139440
1685,2024-09-28 00:00:00,North,Furniture,Laptop,6,42988,0,4,257928,0,257928
1686,2024-12-23 00:00:00,North,Electronics,Oil,2,17048,10,4,34096,3409.6,30686.4
1687,2024-06-04 00:00:00,South,Furniture,T-Shirt,6,47030,5,2,282180,14109,268071
1688,2024-01-08 00:00:00,North,Groceries,T-Shirt,4,39742,10,2,158968,15896.8,143071.2
1689,2024-05-01 00:00:00,West,Groceries,Mobile,3,15360,20,1,46080,9216,36864
1690,2024-12-13 00:00:00,North,Groceries,Table,2,34198,15,3,68396,10259.4,58136.6
1691,2024-06-12 00:00:00,South,Groceries,Mobile,1,27430,5,2,27430,1371.5,26058.5
1692,2024-03-30 00:00:00,West,Furniture,Chair,5,9276,0,3,46380,0,46380
1693,2024-05-15 00:00:00,South,Clothing,Laptop,2,4005,5,2,8010,400.5,7609.5
1694,2024-07-04 00:00:00,South,Furniture,Rice,2,31285,0,5,62570,0,62570
1695,2024-11-11 00:00:00,East,Electronics,Jeans,7,14915,5,5,104405,5220.25,99184.75
1696,2024-06-26 00:00:00,East,Groceries,Laptop,8,5950,0,1,47600,0,47600
1697,2024-01-28 00:00:00,South,Groceries,Laptop,8,48595,0,1,388760,0,388760
1698,2024-08-07 00:00:00,South,Electronics,Mobile,4,13432,5,3,53728,2686.4,51041.6
1699,2024-12-22 00:00:00,South,Furniture,Jeans,1,36103,5,2,36103,1805.15,34297.85
1700,2024-02-10 00:00:00,East,Clothing,Jeans,7,7153,0,4,50071,0,50071
1701,2024-08-15 00:00:00,East,Clothing,Jeans,1,32293,20,1,32293,6458.6,25834.4
1702,2024-07-10 00:00:00,North,Electronics,Mobile,4,25700,5,4,102800,5140,97660
1703,2024-05-24 00:00:00,North,Clothing,Laptop,8,22618,10,4,180944,18094.4,162849.6
1704,2024-07-19 00:00:00,South,Furniture,Mobile,2,34514,15,2,69028,10354.2,58673.8
1705,2024-07-30 00:00:00,West,Furniture,T-Shirt,6,48425,0,3,290550,0,290550
1706,2024-08-07 00:00:00,West,Electronics,T-Shirt,6,22649,0,2,135894,0,135894
1707,2024-08-27 00:00:00,East,Furniture,Mobile,9,17678,15,1,159102,23865.3,135236.7
1708,2024-02-15 00:00:00,East,Groceries,Jeans,5,35379,20,4,176895,35379,141516
1709,2024-02-04 00:00:00,East,Electronics,Oil,4,47081,15,2,188324,28248.6,160075.4
1710,2024-09-09 00:00:00,South,Furniture,Laptop,5,25538,5,2,127690,6384.5,121305.5
1711,2024-03-22 00:00:00,West,Electronics,Mobile,5,27099,15,2,135495,20324.25,115170.75
1712,2024-09-12 00:00:00,North,Clothing,Mobile,8,4345,0,1,34760,0,34760
1713,2024-07-15 00:00:00,South,Furniture,Mobile,8,32301,15,3,258408,38761.2,219646.8
1714,2024-10-29 00:00:00,North,Groceries,Oil,2,2975,10,2,5950,595,5355
1715,2024-01-10 00:00:00,North,Furniture,Oil,7,46161,5,1,323127,16156.35,306970.65
1716,2024-11-07 00:00:00,South,Electronics,Chair,8,31847,15,4,254776,38216.4,216559.6
1717,2024-10-12 00:00:00,North,Electronics,T-Shirt,6,45819,0,5,274914,0,274914
1718,2024-08-29 00:00:00,West,Furniture,Rice,5,46038,5,1,230190,11509.5,218680.5
1719,2024-09-07 00:00:00,North,Groceries,Jeans,9,19739,0,5,177651,0,177651
1720,2024-12-30 00:00:00,West,Groceries,Table,3,36938,20,2,110814,22162.8,88651.2
1721,2024-01-05 00:00:00,West,Groceries,Oil,4,26816,10,2,107264,10726.4,96537.6
1722,2024-04-28 00:00:00,West,Electronics,Rice,9,14319,20,1,128871,25774.2,103096.8
1723,2024-10-15 00:00:00,East,Furniture,Oil,6,25359,10,5,152154,15215.4,136938.6
1724,2024-03-05 00:00:00,North,Clothing,Jeans,8,37299,15,2,298392,44758.8,253633.2
1725,2024-05-25 00:00:00,South,Electronics,Table,7,10495,5,4,73465,3673.25,69791.75
1726,2024-08-11 00:00:00,South,Groceries,Chair,2,34910,15,3,69820,10473,59347
1727,2024-08-26 00:00:00,North,Furniture,Mobile,3,24885,10,3,74655,7465.5,67189.5
1728,2024-06-25 00:00:00,East,Groceries,Chair,1,49543,10,2,49543,4954.3,44588.7
1729,2024-09-23 00:00:00,East,Clothing,Oil,9,25679,10,5,231111,23111.1,207999.9
1730,2024-12-06 00:00:00,West,Groceries,Chair,7,46372,0,2,324604,0,324604
1731,2024-10-08 00:00:00,North,Groceries,Rice,1,33829,5,5,33829,1691.45,32137.55
1732,2024-03-03 00:00:00,North,Clothing,Laptop,3,42243,15,4,126729,19009.35,107719.65
1733,2024-08-04 00:00:00,South,Furniture,Oil,4,17233,15,5,68932,10339.8,58592.2
1734,2024-12-07 00:00:00,North,Electronics,Oil,4,37102,20,2,148408,29681.6,118726.4
1735,2024-11-10 00:00:00,East,Furniture,Rice,5,44771,10,4,223855,22385.5,201469.5
1736,2024-10-09 00:00:00,North,Clothing,T-Shirt,3,15608,10,1,46824,4682.4,42141.6
1737,2024-06-25 00:00:00,South,Groceries,Table,3,17620,10,3,52860,5286,47574
1738,2024-04-07 00:00:00,West,Furniture,Mobile,1,16551,15,2,16551,2482.65,14068.35
1739,2024-04-14 00:00:00,South,Electronics,Rice,7,4331,20,2,30317,6063.4,24253.6
1740,2024-04-08 00:00:00,South,Clothing,Table,1,45025,0,2,45025,0,45025
1741,2024-11-06 00:00:00,West,Furniture,Jeans,2,11549,5,4,23098,1154.9,21943.1
1742,2024-01-06 00:00:00,South,Electronics,Table,4,44454,0,1,177816,0,177816
1743,2024-07-15 00:00:00,South,Clothing,Jeans,4,38425,15,5,153700,23055,130645
1744,2024-12-16 00:00:00,North,Electronics,Rice,5,39047,10,1,195235,19523.5,175711.5
1745,2024-05-12 00:00:00,North,Clothing,Oil,2,12653,5,4,25306,1265.3,24040.7
1746,2024-12-23 00:00:00,West,Groceries,Oil,4,19014,15,2,76056,11408.4,64647.6
1747,2024-09-15 00:00:00,North,Furniture,T-Shirt,1,18463,15,3,18463,2769.45,15693.55
1748,2024-01-23 00:00:00,North,Electronics,Rice,2,12358,15,2,24716,3707.4,21008.6
1749,2024-02-22 00:00:00,South,Clothing,Jeans,1,15935,5,5,15935,796.75,15138.25
1750,2024-06-13 00:00:00,East,Electronics,Table,4,16030,5,3,64120,3206,60914
1751,2024-07-20 00:00:00,North,Electronics,Table,4,48093,20,2,192372,38474.4,153897.6
1752,2024-03-23 00:00:00,East,Furniture,Jeans,7,44873,20,3,314111,62822.2,251288.8
1753,2024-05-24 00:00:00,North,Groceries,Chair,9,24126,0,1,217134,0,217134
1754,2024-03-25 00:00:00,North,Electronics,T-Shirt,9,45266,5,4,407394,20369.7,387024.3
1755,2024-03-18 00:00:00,West,Clothing,Laptop,5,34979,5,2,174895,8744.75,166150.25
1756,2024-01-01 00:00:00,West,Clothing,Oil,1,3573,5,5,3573,178.65,3394.35
1757,2024-02-20 00:00:00,West,Groceries,Mobile,1,10535,20,1,10535,2107,8428
1758,2024-06-21 00:00:00,East,Clothing,Table,6,23941,15,2,143646,21546.9,122099.1
1759,2024-07-23 00:00:00,South,Groceries,Mobile,2,10892,10,1,21784,2178.4,19605.6
1760,2024-09-16 00:00:00,North,Clothing,Laptop,8,47495,20,5,379960,75992,303968
1761,2024-10-14 00:00:00,North,Furniture,Rice,9,45741,5,2,411669,20583.45,391085.55
1762,2024-02-03 00:00:00,North,Electronics,Mobile,4,34257,20,5,137028,27405.6,109622.4
1763,2024-12-13 00:00:00,East,Furniture,Laptop,5,1647,0,3,8235,0,8235
1764,2024-04-04 00:00:00,West,Electronics,Oil,8,19783,5,5,158264,7913.2,150350.8
1765,2024-03-12 00:00:00,South,Electronics,Jeans,3,22965,0,3,68895,0,68895
1766,2024-02-08 00:00:00,East,Electronics,Chair,5,24106,5,2,120530,6026.5,114503.5
1767,2024-06-02 00:00:00,West,Furniture,Oil,3,19767,20,3,59301,11860.2,47440.8
1768,2024-09-06 00:00:00,East,Electronics,Table,3,14339,15,2,43017,6452.55,36564.45
1769,2024-06-10 00:00:00,South,Furniture,Laptop,3,46725,10,2,140175,14017.5,126157.5
1770,2024-04-27 00:00:00,West,Groceries,Mobile,7,38430,0,4,269010,0,269010
1771,2024-09-15 00:00:00,East,Clothing,Table,7,19720,20,2,138040,27608,110432
1772,2024-11-01 00:00:00,South,Clothing,Chair,7,19902,15,3,139314,20897.1,118416.9
1773,2024-09-24 00:00:00,North,Electronics,Jeans,8,25766,20,4,206128,41225.6,164902.4
1774,2024-02-23 00:00:00,South,Furniture,Rice,5,7857,0,4,39285,0,39285
1775,2024-08-23 00:00:00,North,Clothing,Table,5,37888,10,2,189440,18944,170496
1776,2024-08-09 00:00:00,East,Furniture,Rice,4,30334,20,5,121336,24267.2,97068.8
1777,2024-09-07 00:00:00,West,Furniture,Laptop,7,10545,5,5,73815,3690.75,70124.25
1778,2024-11-08 00:00:00,West,Electronics,Chair,4,41385,15,4,165540,24831,140709
1779,2024-04-21 00:00:00,East,Clothing,Mobile,2,27613,20,2,55226,11045.2,44180.8
1780,2024-09-11 00:00:00,West,Electronics,Chair,4,5408,15,5,21632,3244.8,18387.2
1781,2024-10-29 00:00:00,West,Electronics,Chair,8,33655,5,2,269240,13462,255778
1782,2024-07-25 00:00:00,North,Clothing,T-Shirt,9,49881,10,2,448929,44892.9,404036.1
1783,2024-08-16 00:00:00,East,Clothing,Chair,3,28218,10,4,84654,8465.4,76188.6
1784,2024-12-06 00:00:00,South,Groceries,Chair,7,46191,5,4,323337,16166.85,307170.15
1785,2024-03-06 00:00:00,North,Groceries,Oil,9,8280,15,1,74520,11178,63342
1786,2024-03-15 00:00:00,East,Furniture,Table,4,22102,20,5,88408,17681.6,70726.4
1787,2024-04-12 00:00:00,North,Clothing,Mobile,3,9686,5,5,29058,1452.9,27605.1
1788,2024-07-10 00:00:00,South,Groceries,Oil,5,39062,0,5,195310,0,195310
1789,2024-09-08 00:00:00,South,Furniture,Oil,1,21358,15,3,21358,3203.7,18154.3
1790,2024-08-13 00:00:00,East,Furniture,Table,3,40660,10,2,121980,12198,109782
1791,2024-10-20 00:00:00,South,Furniture,Table,8,44056,5,4,352448,17622.4,334825.6
1792,2024-11-01 00:00:00,North,Groceries,Laptop,8,36071,10,5,288568,28856.8,259711.2
1793,2024-04-07 00:00:00,South,Clothing,Table,4,35408,15,1,141632,21244.8,120387.2
1794,2024-12-03 00:00:00,North,Electronics,T-Shirt,2,20719,10,5,41438,4143.8,37294.2
1795,2024-10-12 00:00:00,North,Furniture,T-Shirt,8,31579,5,2,252632,12631.6,240000.4
1796,2024-11-30 00:00:00,South,Groceries,Oil,8,28578,15,2,228624,34293.6,194330.4
1797,2024-12-12 00:00:00,East,Groceries,Rice,4,40092,0,4,160368,0,160368
1798,2024-11-03 00:00:00,West,Electronics,Laptop,3,14231,5,3,42693,2134.65,40558.35
1799,2024-09-05 00:00:00,South,Electronics,Rice,2,14736,20,4,29472,5894.4,23577.6
1800,2024-06-14 00:00:00,North,Groceries,Rice,9,646,5,5,5814,290.7,5523.3
1801,2024-11-30 00:00:00,North,Clothing,Oil,1,36883,15,1,36883,5532.45,31350.55
1802,2024-01-30 00:00:00,South,Electronics,Jeans,7,48755,5,4,341285,17064.25,324220.75
1803,2024-09-03 00:00:00,East,Groceries,Oil,5,17818,0,3,89090,0,89090
1804,2024-04-15 00:00:00,East,Electronics,Mobile,8,6787,0,4,54296,0,54296
1805,2024-02-20 00:00:00,North,Clothing,Mobile,4,31680,20,2,126720,25344,101376
1806,2024-03-21 00:00:00,North,Furniture,Table,7,33194,10,5,232358,23235.8,209122.2
1807,2024-05-12 00:00:00,East,Electronics,Table,5,20727,15,5,103635,15545.25,88089.75
1808,2024-10-11 00:00:00,West,Clothing,Jeans,5,23769,15,5,118845,17826.75,101018.25
1809,2024-05-17 00:00:00,South,Groceries,Table,9,11351,10,5,102159,10215.9,91943.1
1810,2024-07-02 00:00:00,North,Electronics,Mobile,9,5758,0,5,51822,0,51822
1811,2024-11-25 00:00:00,North,Electronics,Rice,9,44939,0,5,404451,0,404451
1812,2024-09-29 00:00:00,East,Groceries,Oil,6,33154,5,1,198924,9946.2,188977.8
1813,2024-12-05 00:00:00,South,Furniture,Chair,6,47648,20,3,285888,57177.6,228710.4
1814,2024-03-09 00:00:00,East,Groceries,T-Shirt,5,47527,20,5,237635,47527,190108
1815,2024-02-03 00:00:00,South,Electronics,Chair,9,44037,20,3,396333,79266.6,317066.4
1816,2024-09-18 00:00:00,South,Groceries,Chair,8,35503,5,5,284024,14201.2,269822.8
1817,2024-02-22 00:00:00,South,Clothing,Mobile,7,34900,20,4,244300,48860,195440
1818,2024-07-23 00:00:00,North,Groceries,Chair,7,27700,10,5,193900,19390,174510
1819,2024-05-05 00:00:00,West,Electronics,Oil,6,2232,5,2,13392,669.6,12722.4
1820,2024-08-22 00:00:00,East,Groceries,Jeans,5,1452,10,1,7260,726,6534
1821,2024-02-12 00:00:00,West,Furniture,Laptop,4,5709,5,4,22836,1141.8,21694.2
1822,2024-08-27 00:00:00,East,Groceries,Table,3,38042,20,4,114126,22825.2,91300.8
1823,2024-04-20 00:00:00,South,Furniture,Laptop,3,14100,10,2,42300,4230,38070
1824,2024-09-05 00:00:00,North,Clothing,Rice,6,14723,10,5,88338,8833.8,79504.2
1825,2024-05-30 00:00:00,West,Furniture,Oil,4,2081,10,1,8324,832.4,7491.6
1826,2024-07-01 00:00:00,North,Groceries,Oil,6,33237,5,4,199422,9971.1,189450.9
1827,2024-12-01 00:00:00,East,Electronics,T-Shirt,3,1830,15,1,5490,823.5,4666.5
1828,2024-04-04 00:00:00,North,Furniture,Oil,4,20989,20,4,83956,16791.2,67164.8
1829,2024-01-08 00:00:00,North,Clothing,Table,9,22723,10,5,204507,20450.7,184056.3
1830,2024-12-25 00:00:00,West,Furniture,Oil,5,18158,15,4,90790,13618.5,77171.5
1831,2024-07-02 00:00:00,South,Furniture,Chair,7,46351,20,4,324457,64891.4,259565.6
1832,2024-10-07 00:00:00,North,Furniture,T-Shirt,2,49120,20,3,98240,19648,78592
1833,2024-07-13 00:00:00,South,Clothing,Table,5,44052,10,5,220260,22026,198234
1834,2024-12-17 00:00:00,East,Groceries,Jeans,9,1895,10,2,17055,1705.5,15349.5
1835,2024-07-13 00:00:00,North,Furniture,Jeans,3,15021,5,2,45063,2253.15,42809.85
1836,2024-06-03 00:00:00,West,Furniture,Jeans,9,3462,15,5,31158,4673.7,26484.3
1837,2024-04-02 00:00:00,East,Electronics,Jeans,6,1645,15,2,9870,1480.5,8389.5
1838,2024-06-08 00:00:00,East,Clothing,Chair,4,16636,10,5,66544,6654.4,59889.6
1839,2024-03-01 00:00:00,West,Furniture,Oil,7,10149,20,2,71043,14208.6,56834.4
1840,2024-05-01 00:00:00,North,Clothing,Laptop,8,24163,10,3,193304,19330.4,173973.6
1841,2024-02-20 00:00:00,North,Furniture,Table,6,30132,20,2,180792,36158.4,144633.6
1842,2024-10-03 00:00:00,East,Groceries,Chair,5,7101,20,4,35505,7101,28404
1843,2024-01-05 00:00:00,North,Groceries,Jeans,6,33687,10,5,202122,20212.2,181909.8
1844,2024-04-01 00:00:00,South,Furniture,Rice,5,8797,0,1,43985,0,43985
1845,2024-06-18 00:00:00,West,Groceries,Oil,8,7055,15,1,56440,8466,47974
1846,2024-11-12 00:00:00,South,Furniture,Laptop,1,18878,20,5,18878,3775.6,15102.4
1847,2024-01-22 00:00:00,North,Groceries,Rice,7,8463,20,3,59241,11848.2,47392.8
1848,2024-11-21 00:00:00,East,Electronics,T-Shirt,2,47488,0,2,94976,0,94976
1849,2024-01-01 00:00:00,West,Electronics,Rice,9,26005,5,3,234045,11702.25,222342.75
1850,2024-05-12 00:00:00,North,Electronics,T-Shirt,1,26343,0,1,26343,0,26343
1851,2024-08-20 00:00:00,North,Clothing,T-Shirt,6,12074,0,5,72444,0,72444
1852,2024-01-12 00:00:00,East,Clothing,Jeans,9,27729,20,5,249561,49912.2,199648.8
1853,2024-12-11 00:00:00,East,Electronics,T-Shirt,1,21066,15,3,21066,3159.9,17906.1
1854,2024-02-15 00:00:00,South,Clothing,Mobile,4,14279,0,3,57116,0,57116
1855,2024-02-03 00:00:00,West,Groceries,Table,4,7443,5,2,29772,1488.6,28283.4
1856,2024-03-18 00:00:00,West,Furniture,Table,9,30072,10,4,270648,27064.8,243583.2
1857,2024-08-05 00:00:00,East,Furniture,Jeans,5,9218,0,4,46090,0,46090
1858,2024-10-27 00:00:00,South,Furniture,Mobile,5,49700,0,2,248500,0,248500
1859,2024-03-13 00:00:00,West,Electronics,Rice,6,12300,5,4,73800,3690,70110
1860,2024-10-08 00:00:00,East,Clothing,Chair,1,49659,15,1,49659,7448.85,42210.15
1861,2024-09-05 00:00:00,North,Groceries,Rice,1,20000,0,4,20000,0,20000
1862,2024-02-16 00:00:00,West,Groceries,Oil,9,27110,0,2,243990,0,243990
1863,2024-04-30 00:00:00,South,Electronics,Chair,3,29637,15,4,88911,13336.65,75574.35
1864,2024-08-01 00:00:00,South,Groceries,T-Shirt,4,37788,5,5,151152,7557.6,143594.4
1865,2024-08-26 00:00:00,South,Groceries,Laptop,1,11201,0,3,11201,0,11201
1866,2024-02-25 00:00:00,North,Groceries,Chair,9,46875,15,1,421875,63281.25,358593.75
1867,2024-12-15 00:00:00,West,Groceries,Laptop,8,20142,0,5,161136,0,161136
1868,2024-04-16 00:00:00,West,Clothing,Table,2,21062,10,5,42124,4212.4,37911.6
1869,2024-11-14 00:00:00,North,Groceries,Laptop,8,11869,20,2,94952,18990.4,75961.6
1870,2024-02-17 00:00:00,West,Furniture,Table,7,16116,10,3,112812,11281.2,101530.8
1871,2024-03-01 00:00:00,North,Electronics,Mobile,6,11078,0,3,66468,0,66468
1872,2024-12-02 00:00:00,North,Clothing,Mobile,1,3185,5,1,3185,159.25,3025.75
1873,2024-01-26 00:00:00,North,Groceries,Jeans,7,32569,20,2,227983,45596.6,182386.4
1874,2024-10-18 00:00:00,South,Clothing,Jeans,7,8312,10,1,58184,5818.4,52365.6
1875,2024-09-13 00:00:00,West,Groceries,T-Shirt,9,41435,15,4,372915,55937.25,316977.75
1876,2024-01-08 00:00:00,North,Furniture,Chair,1,19131,5,5,19131,956.55,18174.45
1877,2024-04-22 00:00:00,West,Electronics,T-Shirt,2,27540,10,1,55080,5508,49572
1878,2024-12-20 00:00:00,South,Groceries,Table,9,536,15,5,4824,723.6,4100.4
1879,2024-09-09 00:00:00,North,Groceries,T-Shirt,9,43133,0,2,388197,0,388197
1880,2024-06-28 00:00:00,East,Groceries,Laptop,6,19563,15,4,117378,17606.7,99771.3
1881,2024-07-25 00:00:00,South,Groceries,Table,6,45736,10,2,274416,27441.6,246974.4
1882,2024-10-29 00:00:00,East,Electronics,Jeans,4,4168,10,4,16672,1667.2,15004.8
1883,2024-05-06 00:00:00,West,Electronics,Mobile,4,33878,0,4,135512,0,135512
1884,2024-02-25 00:00:00,West,Furniture,Jeans,5,48600,15,5,243000,36450,206550
1885,2024-08-01 00:00:00,South,Electronics,Chair,3,16479,15,2,49437,7415.55,42021.45
1886,2024-01-14 00:00:00,West,Groceries,Table,1,3329,0,2,3329,0,3329
1887,2024-01-28 00:00:00,East,Furniture,Table,1,38415,15,1,38415,5762.25,32652.75
1888,2024-03-18 00:00:00,North,Furniture,Laptop,7,39097,0,2,273679,0,273679
1889,2024-08-03 00:00:00,North,Furniture,Chair,1,6050,5,1,6050,302.5,5747.5
1890,2024-12-30 00:00:00,North,Groceries,Mobile,1,20788,10,3,20788,2078.8,18709.2
1891,2024-06-02 00:00:00,South,Clothing,Rice,3,40414,5,3,121242,6062.1,115179.9
1892,2024-01-14 00:00:00,West,Groceries,Table,4,12149,20,3,48596,9719.2,38876.8
1893,2024-07-05 00:00:00,East,Electronics,Table,4,8719,20,2,34876,6975.2,27900.8
1894,2024-11-07 00:00:00,West,Electronics,Laptop,2,26575,20,2,53150,10630,42520
1895,2024-01-07 00:00:00,West,Groceries,T-Shirt,1,33282,0,1,33282,0,33282
1896,2024-01-03 00:00:00,West,Groceries,Oil,3,11937,15,4,35811,5371.65,30439.35
1897,2024-04-20 00:00:00,North,Furniture,Mobile,4,1334,5,1,5336,266.8,5069.2
1898,2024-08-25 00:00:00,East,Groceries,Jeans,3,11138,5,3,33414,1670.7,31743.3
1899,2024-12-28 00:00:00,East,Furniture,Chair,8,24686,5,1,197488,9874.4,187613.6
1900,2024-08-26 00:00:00,West,Electronics,Table,1,48556,5,4,48556,2427.8,46128.2
1901,2024-09-30 00:00:00,North,Furniture,Table,2,26296,20,2,52592,10518.4,42073.6
1902,2024-10-20 00:00:00,North,Groceries,Jeans,7,41315,5,1,289205,14460.25,274744.75
1903,2024-08-14 00:00:00,East,Electronics,Mobile,4,5792,15,3,23168,3475.2,19692.8
1904,2024-01-15 00:00:00,North,Clothing,Oil,8,18308,20,3,146464,29292.8,117171.2
1905,2024-07-10 00:00:00,North,Furniture,T-Shirt,3,17470,5,2,52410,2620.5,49789.5
1906,2024-04-28 00:00:00,North,Electronics,Table,6,27849,0,1,167094,0,167094
1907,2024-01-28 00:00:00,South,Furniture,Oil,9,11197,10,4,100773,10077.3,90695.7
1908,2024-07-20 00:00:00,West,Electronics,Mobile,1,33689,10,2,33689,3368.9,30320.1
1909,2024-02-08 00:00:00,East,Electronics,Jeans,1,9304,10,1,9304,930.4,8373.6
1910,2024-09-29 00:00:00,East,Furniture,Laptop,8,1070,20,5,8560,1712,6848
1911,2024-08-18 00:00:00,South,Clothing,T-Shirt,3,28884,5,3,86652,4332.6,82319.4
1912,2024-03-26 00:00:00,West,Electronics,Chair,5,39719,20,4,198595,39719,158876
1913,2024-05-05 00:00:00,East,Electronics,Table,1,49849,15,4,49849,7477.35,42371.65
1914,2024-10-26 00:00:00,North,Electronics,Mobile,5,34724,0,4,173620,0,173620
1915,2024-01-25 00:00:00,East,Clothing,Laptop,6,31157,0,3,186942,0,186942
1916,2024-05-24 00:00:00,North,Clothing,Chair,8,34085,10,1,272680,27268,245412
1917,2024-01-13 00:00:00,South,Groceries,Rice,3,44569,10,2,133707,13370.7,120336.3
1918,2024-07-30 00:00:00,North,Furniture,Mobile,3,35796,10,1,107388,10738.8,96649.2
1919,2024-01-25 00:00:00,East,Clothing,Mobile,9,30066,5,2,270594,13529.7,257064.3
1920,2024-03-08 00:00:00,East,Furniture,Chair,4,30876,15,4,123504,18525.6,104978.4
1921,2024-03-07 00:00:00,East,Groceries,Laptop,4,47964,15,1,191856,28778.4,163077.6
1922,2024-08-20 00:00:00,South,Furniture,Rice,7,14078,15,4,98546,14781.9,83764.1
1923,2024-04-18 00:00:00,South,Clothing,Oil,2,39960,15,5,79920,11988,67932
1924,2024-05-25 00:00:00,West,Furniture,Oil,8,27759,10,4,222072,22207.2,199864.8
1925,2024-04-20 00:00:00,East,Clothing,Jeans,6,46746,0,4,280476,0,280476
1926,2024-08-15 00:00:00,North,Furniture,Laptop,3,6971,10,2,20913,2091.3,18821.7
1927,2024-04-20 00:00:00,South,Clothing,T-Shirt,9,16726,15,5,150534,22580.1,127953.9
1928,2024-02-03 00:00:00,East,Clothing,Table,5,30096,10,4,150480,15048,135432
1929,2024-04-20 00:00:00,East,Furniture,Chair,8,32123,15,4,256984,38547.6,218436.4
1930,2024-09-20 00:00:00,South,Groceries,Jeans,7,36403,20,5,254821,50964.2,203856.8
1931,2024-08-23 00:00:00,West,Electronics,Rice,8,39590,0,5,316720,0,316720
1932,2024-03-23 00:00:00,South,Groceries,Chair,7,13052,20,1,91364,18272.8,73091.2
1933,2024-02-11 00:00:00,South,Furniture,Chair,3,47774,5,2,143322,7166.1,136155.9
1934,2024-04-10 00:00:00,North,Groceries,Laptop,2,43591,10,5,87182,8718.2,78463.8
1935,2024-01-06 00:00:00,North,Clothing,Table,7,2048,5,5,14336,716.8,13619.2
1936,2024-06-28 00:00:00,West,Electronics,T-Shirt,3,31227,10,3,93681,9368.1,84312.9
1937,2024-10-08 00:00:00,East,Furniture,Oil,3,35664,20,5,106992,21398.4,85593.6
1938,2024-11-15 00:00:00,South,Furniture,Mobile,2,34685,15,2,69370,10405.5,58964.5
1939,2024-08-13 00:00:00,West,Furniture,Mobile,4,19656,15,4,78624,11793.6,66830.4
1940,2024-11-10 00:00:00,North,Electronics,Chair,8,9459,10,4,75672,7567.2,68104.8
1941,2024-12-30 00:00:00,South,Clothing,Oil,1,35754,15,4,35754,5363.1,30390.9
1942,2024-08-16 00:00:00,East,Furniture,Oil,1,47122,20,4,47122,9424.4,37697.6
1943,2024-10-15 00:00:00,North,Groceries,Table,5,13609,15,3,68045,10206.75,57838.25
1944,2024-05-29 00:00:00,North,Furniture,Rice,5,3991,20,5,19955,3991,15964
1945,2024-10-03 00:00:00,North,Furniture,Rice,1,26064,5,4,26064,1303.2,24760.8
1946,2024-07-16 00:00:00,West,Furniture,Jeans,6,36839,20,1,221034,44206.8,176827.2
1947,2024-03-10 00:00:00,East,Furniture,Laptop,1,34774,0,4,34774,0,34774
1948,2024-04-21 00:00:00,South,Clothing,Table,5,18088,0,5,90440,0,90440
1949,2024-01-04 00:00:00,West,Groceries,Table,9,19892,0,4,179028,0,179028
1950,2024-12-15 00:00:00,West,Clothing,Laptop,5,23701,10,3,118505,11850.5,106654.5
1951,2024-11-26 00:00:00,West,Groceries,Oil,6,13504,10,2,81024,8102.4,72921.6
1952,2024-11-13 00:00:00,North,Furniture,Rice,8,27727,10,2,221816,22181.6,199634.4
1953,2024-12-15 00:00:00,East,Electronics,Rice,1,18274,20,5,18274,3654.8,14619.2
1954,2024-04-04 00:00:00,West,Clothing,Oil,2,15749,10,2,31498,3149.8,28348.2
1955,2024-05-31 00:00:00,South,Electronics,Rice,9,30163,5,2,271467,13573.35,257893.65
1956,2024-11-06 00:00:00,East,Clothing,Chair,3,26120,0,1,78360,0,78360
1957,2024-05-16 00:00:00,South,Furniture,Table,6,31026,20,5,186156,37231.2,148924.8
1958,2024-09-03 00:00:00,East,Clothing,Mobile,5,36271,0,5,181355,0,181355
1959,2024-08-30 00:00:00,South,Furniture,Laptop,2,16261,10,2,32522,3252.2,29269.8
1960,2024-01-31 00:00:00,North,Clothing,Rice,7,29010,20,2,203070,40614,162456
1961,2024-02-09 00:00:00,West,Furniture,Jeans,4,48166,15,2,192664,28899.6,163764.4
1962,2024-08-16 00:00:00,South,Furniture,Rice,1,23000,5,3,23000,1150,21850
1963,2024-02-05 00:00:00,East,Groceries,Rice,4,43623,10,4,174492,17449.2,157042.8
1964,2024-08-10 00:00:00,West,Furniture,T-Shirt,6,41892,10,3,251352,25135.2,226216.8
1965,2024-01-06 00:00:00,West,Groceries,Chair,7,10140,5,5,70980,3549,67431
1966,2024-11-17 00:00:00,East,Furniture,Laptop,7,4124,5,1,28868,1443.4,27424.6
1967,2024-08-07 00:00:00,South,Electronics,T-Shirt,7,28254,15,4,197778,29666.7,168111.3
1968,2024-03-15 00:00:00,North,Furniture,T-Shirt,3,9983,10,1,29949,2994.9,26954.1
1969,2024-01-04 00:00:00,North,Electronics,Jeans,6,37453,10,5,224718,22471.8,202246.2
1970,2024-11-30 00:00:00,South,Electronics,Table,8,45597,0,5,364776,0,364776
1971,2024-05-13 00:00:00,West,Furniture,Jeans,4,13433,20,1,53732,10746.4,42985.6
1972,2024-04-27 00:00:00,West,Electronics,Table,8,45869,20,1,366952,73390.4,293561.6
1973,2024-04-03 00:00:00,West,Groceries,Table,2,24684,0,1,49368,0,49368
1974,2024-03-02 00:00:00,West,Clothing,Laptop,9,25268,20,5,227412,45482.4,181929.6
1975,2024-07-12 00:00:00,South,Furniture,Rice,9,391,5,2,3519,175.95,3343.05
1976,2024-11-30 00:00:00,West,Electronics,Laptop,8,25274,20,1,202192,40438.4,161753.6
1977,2024-07-21 00:00:00,East,Furniture,Chair,1,5117,20,4,5117,1023.4,4093.6
1978,2024-01-26 00:00:00,West,Groceries,Table,2,38799,0,5,77598,0,77598
1979,2024-06-21 00:00:00,North,Furniture,T-Shirt,6,26032,15,3,156192,23428.8,132763.2
1980,2024-10-26 00:00:00,West,Furniture,Rice,5,43128,20,3,215640,43128,172512
1981,2024-05-12 00:00:00,South,Electronics,Mobile,9,20906,20,4,188154,37630.8,150523.2
1982,2024-11-21 00:00:00,North,Groceries,Chair,5,13882,15,2,69410,10411.5,58998.5
1983,2024-04-27 00:00:00,South,Clothing,Laptop,2,26962,0,1,53924,0,53924
1984,2024-11-19 00:00:00,South,Clothing,Jeans,4,23583,15,5,94332,14149.8,80182.2
1985,2024-10-01 00:00:00,North,Electronics,Chair,9,27996,0,1,251964,0,251964
1986,2024-07-30 00:00:00,South,Furniture,Chair,1,23866,5,5,23866,1193.3,22672.7
1987,2024-08-12 00:00:00,South,Electronics,Rice,1,25862,0,3,25862,0,25862
1988,2024-01-20 00:00:00,West,Electronics,Chair,7,45359,5,1,317513,15875.65,301637.35
1989,2024-04-22 00:00:00,East,Electronics,Chair,3,34842,5,4,104526,5226.3,99299.7
1990,2024-05-19 00:00:00,South,Furniture,Mobile,2,42030,0,2,84060,0,84060
1991,2024-02-16 00:00:00,South,Groceries,Oil,9,37731,10,4,339579,33957.9,305621.1
1992,2024-01-01 00:00:00,South,Electronics,Jeans,3,10434,0,2,31302,0,31302
1993,2024-03-30 00:00:00,West,Furniture,Jeans,2,9421,20,1,18842,3768.4,15073.6
1994,2024-05-21 00:00:00,East,Groceries,Jeans,8,11610,20,1,92880,18576,74304
1995,2024-11-15 00:00:00,North,Electronics,Table,6,14719,10,2,88314,8831.4,79482.6
1996,2024-02-07 00:00:00,West,Clothing,T-Shirt,6,1251,5,3,7506,375.3,7130.7
1997,2024-10-19 00:00:00,West,Groceries,Oil,7,45193,10,5,316351,31635.1,284715.9
1998,2024-05-18 00:00:00,East,Electronics,Jeans,7,9965,20,4,69755,13951,55804
1999,2024-12-21 00:00:00,East,Groceries,Chair,6,11582,10,4,69492,6949.2,62542.8
2000,2024-11-28 00:00:00,West,Groceries,Chair,4,12780,0,4,51120,0,51120
